2026-01-02 19:10:05 | INFO | ./src/ui/main_window | Participant ID = alvinmiao2005 | VERSION = None
2026-01-06 16:58:45 | INFO | ./src/ui/main_window | Participant ID = 1 | VERSION = 1
2026-01-06 17:00:45 | INFO | ./src/ui/main_window | Participant ID = 11 | VERSION = 2
2026-01-11 10:04:42 | INFO | ./src/ui/main_window | Participant ID = alvin | VERSION = 1
2026-01-11 10:07:48 | INFO | ./src/ui/main_window | Participant ID = alvin | VERSION = 2
2026-01-11 10:08:28 | INFO | ./src/ui/main_window | Participant ID = alvin | VERSION = 1
2026-01-11 10:10:25 | INFO | ./src/ui/main_window | Participant ID = alvin | VERSION = 1
2026-01-12 10:04:04 | INFO | ./src/ui/experiment_flow | Participant ID = 123321a | VERSION = 1
2026-01-12 10:04:39 | INFO | ./src/core/pygame_setup | [toggle_full_screen] Quitted fullscreen: 1516 x 852
2026-01-12 10:04:42 | INFO | ./src/core/pygame_setup | [toggle_full_screen] Entered fullscreen
2026-01-12 10:04:51 | INFO | ./src/core/pygame_setup | [toggle_full_screen] Quitted fullscreen: 1516 x 852
2026-01-20 09:33:17 | INFO | ./src/core/experiment_flow | Participant ID = alvin | VERSION = 1
2026-01-20 10:00:16 | INFO | ./src/core/experiment_flow | Participant ID = alvin | VERSION = 1
2026-01-20 10:01:08 | INFO | ./src/core/experiment_flow | Participant ID = alvin | VERSION = 1
2026-01-20 22:39:24 | INFO | ./src/core/experiment_flow | Participant ID = alvin | VERSION = 1
2026-01-20 22:56:07 | INFO | ./src/core/experiment_flow | Participant ID = alvin | VERSION = 1
2026-01-20 22:56:18 | INFO | ./src/ui/pygame_render | [toggle_full_screen] Quitted fullscreen: 1516 x 852
2026-01-20 22:56:52 | INFO | ./src/core/experiment_flow | Participant ID = alvin | VERSION = 1
2026-01-20 23:03:25 | INFO | ./src/core/experiment_flow | Participant ID = alvin | VERSION = 1
2026-01-20 23:19:38 | INFO | ./src/core/experiment_flow | Participant ID = alvin | VERSION = 1
2026-01-20 23:20:50 | INFO | ./src/core/experiment_flow | Participant ID = alvin | VERSION = 1
2026-01-20 23:27:04 | INFO | ./src/core/experiment_flow | Participant ID = alvin | VERSION = 1
2026-01-20 23:44:49 | INFO | ./src/core/experiment_flow | Participant ID = alvin | VERSION = 1
2026-01-20 23:44:52 | INFO | ./src/core/experiment_flow | TRIAL_RESULT | stim=5.png | option=2 | status=incorrect | reaction_time_ms=579
2026-01-20 23:44:53 | INFO | ./src/core/experiment_flow | TRIAL_RESULT | stim=3.png | option=1 | status=correct | reaction_time_ms=576
2026-01-20 23:44:54 | INFO | ./src/core/experiment_flow | TRIAL_RESULT | stim=2.png | option=2 | status=correct | reaction_time_ms=558
2026-01-20 23:44:55 | INFO | ./src/core/experiment_flow | TRIAL_RESULT | stim=1.png | option=1 | status=correct | reaction_time_ms=376
2026-01-20 23:44:56 | INFO | ./src/core/experiment_flow | TRIAL_RESULT | stim=4.png | option=None | status=timeout | reaction_time_ms=1000
2026-01-20 23:45:00 | INFO | ./src/core/experiment_flow | TRIAL_RESULT | stim=3.png | option=1 | status=correct | reaction_time_ms=593
2026-01-20 23:45:00 | INFO | ./src/core/experiment_flow | TRIAL_RESULT | stim=1.png | option=2 | status=incorrect | reaction_time_ms=563
2026-01-20 23:45:01 | INFO | ./src/core/experiment_flow | TRIAL_RESULT | stim=5.png | option=1 | status=correct | reaction_time_ms=624
2026-01-20 23:45:02 | INFO | ./src/core/experiment_flow | TRIAL_RESULT | stim=4.png | option=2 | status=correct | reaction_time_ms=520
2026-01-20 23:45:02 | INFO | ./src/core/experiment_flow | TRIAL_RESULT | stim=2.png | option=2 | status=correct | reaction_time_ms=468
2026-01-20 23:46:23 | INFO | ./src/core/experiment_flow | Participant ID = alvin | VERSION = 2
2026-01-20 23:46:29 | ERROR | ./src/ui/pygame_render | [place_image] Image file not found -> C:\Users\alvin\OneDrive\Desktop\CognAC\cerebellum\template\resources\stimuli\stimuli_v2\1.png
2026-01-20 23:46:30 | INFO | ./src/core/experiment_flow | TRIAL_RESULT | stim=1.png | option=None | status=timeout | reaction_time_ms=1000
2026-01-20 23:46:31 | ERROR | ./src/ui/pygame_render | [place_image] Image file not found -> C:\Users\alvin\OneDrive\Desktop\CognAC\cerebellum\template\resources\stimuli\stimuli_v2\3.png
2026-01-20 23:46:32 | INFO | ./src/core/experiment_flow | TRIAL_RESULT | stim=3.png | option=None | status=timeout | reaction_time_ms=1000
2026-01-20 23:46:32 | ERROR | ./src/ui/pygame_render | [place_image] Image file not found -> C:\Users\alvin\OneDrive\Desktop\CognAC\cerebellum\template\resources\stimuli\stimuli_v2\4.png
2026-01-20 23:46:33 | INFO | ./src/core/experiment_flow | TRIAL_RESULT | stim=4.png | option=None | status=timeout | reaction_time_ms=1000
2026-01-20 23:46:34 | ERROR | ./src/ui/pygame_render | [place_image] Image file not found -> C:\Users\alvin\OneDrive\Desktop\CognAC\cerebellum\template\resources\stimuli\stimuli_v2\2.png
2026-01-20 23:46:35 | INFO | ./src/core/experiment_flow | TRIAL_RESULT | stim=2.png | option=None | status=timeout | reaction_time_ms=1000
2026-01-20 23:46:35 | ERROR | ./src/ui/pygame_render | [place_image] Image file not found -> C:\Users\alvin\OneDrive\Desktop\CognAC\cerebellum\template\resources\stimuli\stimuli_v2\5.png
2026-01-20 23:46:36 | INFO | ./src/core/experiment_flow | TRIAL_RESULT | stim=5.png | option=1 | status=correct | reaction_time_ms=257
2026-01-20 23:46:38 | ERROR | ./src/ui/pygame_render | [place_image] Image file not found -> C:\Users\alvin\OneDrive\Desktop\CognAC\cerebellum\template\resources\stimuli\stimuli_v2\4.png
2026-01-20 23:46:39 | INFO | ./src/core/experiment_flow | TRIAL_RESULT | stim=4.png | option=None | status=timeout | reaction_time_ms=1000
2026-01-20 23:46:39 | ERROR | ./src/ui/pygame_render | [place_image] Image file not found -> C:\Users\alvin\OneDrive\Desktop\CognAC\cerebellum\template\resources\stimuli\stimuli_v2\2.png
2026-01-20 23:46:40 | INFO | ./src/core/experiment_flow | TRIAL_RESULT | stim=2.png | option=None | status=timeout | reaction_time_ms=1000
2026-01-20 23:46:40 | ERROR | ./src/ui/pygame_render | [place_image] Image file not found -> C:\Users\alvin\OneDrive\Desktop\CognAC\cerebellum\template\resources\stimuli\stimuli_v2\3.png
2026-01-20 23:46:40 | INFO | ./src/core/experiment_flow | TRIAL_RESULT | stim=3.png | option=1 | status=correct | reaction_time_ms=123
2026-01-20 23:46:40 | ERROR | ./src/ui/pygame_render | [place_image] Image file not found -> C:\Users\alvin\OneDrive\Desktop\CognAC\cerebellum\template\resources\stimuli\stimuli_v2\5.png
2026-01-20 23:46:41 | INFO | ./src/core/experiment_flow | TRIAL_RESULT | stim=5.png | option=2 | status=incorrect | reaction_time_ms=297
2026-01-20 23:46:41 | ERROR | ./src/ui/pygame_render | [place_image] Image file not found -> C:\Users\alvin\OneDrive\Desktop\CognAC\cerebellum\template\resources\stimuli\stimuli_v2\1.png
2026-01-20 23:46:41 | INFO | ./src/core/experiment_flow | TRIAL_RESULT | stim=1.png | option=1 | status=correct | reaction_time_ms=825
2026-01-20 23:47:38 | INFO | ./src/core/experiment_flow | Participant ID = alvin | VERSION = 2
2026-01-20 23:47:41 | INFO | ./src/core/experiment_flow | TRIAL_RESULT | stim=5.png | option=1 | status=correct | reaction_time_ms=797
2026-01-20 23:47:42 | INFO | ./src/core/experiment_flow | TRIAL_RESULT | stim=2.png | option=2 | status=correct | reaction_time_ms=722
2026-01-20 23:47:43 | INFO | ./src/core/experiment_flow | TRIAL_RESULT | stim=4.png | option=1 | status=incorrect | reaction_time_ms=782
2026-01-20 23:47:45 | INFO | ./src/core/experiment_flow | TRIAL_RESULT | stim=3.png | option=None | status=timeout | reaction_time_ms=1000
2026-01-20 23:47:46 | INFO | ./src/core/experiment_flow | TRIAL_RESULT | stim=1.png | option=1 | status=correct | reaction_time_ms=545
2026-01-20 23:47:49 | INFO | ./src/core/experiment_flow | TRIAL_RESULT | stim=3.png | option=1 | status=correct | reaction_time_ms=707
2026-01-20 23:47:50 | INFO | ./src/core/experiment_flow | TRIAL_RESULT | stim=4.png | option=None | status=timeout | reaction_time_ms=1000
2026-01-20 23:47:50 | INFO | ./src/core/experiment_flow | TRIAL_RESULT | stim=1.png | option=2 | status=incorrect | reaction_time_ms=505
2026-01-20 23:47:50 | INFO | ./src/core/experiment_flow | TRIAL_RESULT | stim=5.png | option=1 | status=correct | reaction_time_ms=341
2026-01-20 23:47:51 | INFO | ./src/core/experiment_flow | TRIAL_RESULT | stim=2.png | option=2 | status=correct | reaction_time_ms=771
2026-01-20 23:53:06 | INFO | ./src/core/experiment_flow | Participant ID = alvin | VERSION = 1
2026-01-20 23:53:08 | INFO | ./src/core/experiment_flow | TRIAL_RESULT | block=practice | stim=3.png | option=1 | status=correct | reaction_time_ms=630
2026-01-20 23:53:10 | INFO | ./src/core/experiment_flow | TRIAL_RESULT | block=practice | stim=4.png | option=2 | status=correct | reaction_time_ms=561
2026-01-20 23:53:11 | INFO | ./src/core/experiment_flow | TRIAL_RESULT | block=practice | stim=5.png | option=None | status=timeout | reaction_time_ms=1000
2026-01-20 23:53:12 | INFO | ./src/core/experiment_flow | TRIAL_RESULT | block=practice | stim=1.png | option=2 | status=incorrect | reaction_time_ms=443
2026-01-20 23:53:13 | INFO | ./src/core/experiment_flow | TRIAL_RESULT | block=practice | stim=2.png | option=2 | status=correct | reaction_time_ms=396
2026-01-20 23:53:16 | INFO | ./src/core/experiment_flow | TRIAL_RESULT | block=test | stim=4.png | option=None | status=timeout | reaction_time_ms=1000
2026-01-20 23:53:16 | INFO | ./src/core/experiment_flow | TRIAL_RESULT | block=test | stim=3.png | option=1 | status=correct | reaction_time_ms=493
2026-01-20 23:53:16 | INFO | ./src/core/experiment_flow | TRIAL_RESULT | block=test | stim=2.png | option=2 | status=correct | reaction_time_ms=221
2026-01-20 23:53:17 | INFO | ./src/core/experiment_flow | TRIAL_RESULT | block=test | stim=5.png | option=None | status=timeout | reaction_time_ms=1000
2026-01-20 23:53:18 | INFO | ./src/core/experiment_flow | TRIAL_RESULT | block=test | stim=1.png | option=1 | status=correct | reaction_time_ms=385
2026-01-20 23:59:44 | INFO | ./src/core/experiment_flow | Participant ID = alvin | VERSION = 1
2026-01-20 23:59:48 | INFO | ./src/core/experiment_flow | TRIAL_RESULT | block=practice | stim=4.png | option=2 | status=correct | reaction_time_ms=699
2026-01-20 23:59:49 | INFO | ./src/core/experiment_flow | TRIAL_RESULT | block=practice | stim=5.png | option=1 | status=correct | reaction_time_ms=422
2026-01-20 23:59:50 | INFO | ./src/core/experiment_flow | TRIAL_RESULT | block=practice | stim=2.png | option=2 | status=correct | reaction_time_ms=276
2026-01-20 23:59:50 | INFO | ./src/core/experiment_flow | TRIAL_RESULT | block=practice | stim=3.png | option=1 | status=correct | reaction_time_ms=270
2026-01-20 23:59:51 | INFO | ./src/core/experiment_flow | TRIAL_RESULT | block=practice | stim=1.png | option=2 | status=incorrect | reaction_time_ms=18
2026-01-20 23:59:54 | INFO | ./src/ui/pygame_render | [toggle_full_screen] Quitted fullscreen: 1516 x 852
2026-01-21 00:05:12 | INFO | ./src/core/experiment_flow | Participant ID = alvin | VERSION = 2
2026-01-21 00:05:14 | INFO | ./src/core/experiment_flow | TRIAL_RESULT | block=practice | stim=4.png | option=1 | status=incorrect | reaction_time_ms=652
2026-01-21 00:05:15 | INFO | ./src/core/experiment_flow | TRIAL_RESULT | block=practice | stim=1.png | option=2 | status=incorrect | reaction_time_ms=800
2026-01-21 00:05:16 | INFO | ./src/core/experiment_flow | TRIAL_RESULT | block=practice | stim=5.png | option=1 | status=correct | reaction_time_ms=454
2026-01-21 00:05:17 | INFO | ./src/core/experiment_flow | TRIAL_RESULT | block=practice | stim=2.png | option=2 | status=correct | reaction_time_ms=267
2026-01-21 00:05:18 | INFO | ./src/core/experiment_flow | TRIAL_RESULT | block=practice | stim=3.png | option=1 | status=correct | reaction_time_ms=3
2026-01-21 00:05:20 | INFO | ./src/core/experiment_flow | TRIAL_RESULT | block=test | stim=2.png | option=2 | status=correct | reaction_time_ms=728
2026-01-21 00:05:20 | INFO | ./src/core/experiment_flow | TRIAL_RESULT | block=test | stim=5.png | option=1 | status=correct | reaction_time_ms=76
2026-01-21 00:05:21 | INFO | ./src/core/experiment_flow | TRIAL_RESULT | block=test | stim=3.png | option=1 | status=correct | reaction_time_ms=177
2026-01-21 00:05:21 | INFO | ./src/core/experiment_flow | TRIAL_RESULT | block=test | stim=4.png | option=2 | status=correct | reaction_time_ms=150
2026-01-21 00:05:21 | INFO | ./src/core/experiment_flow | TRIAL_RESULT | block=test | stim=1.png | option=2 | status=incorrect | reaction_time_ms=584
2026-01-21 00:06:13 | INFO | ./src/core/experiment_flow | Participant ID = alvin | VERSION = 1
2026-01-21 00:06:15 | INFO | ./src/core/experiment_flow | TRIAL_RESULT | block=practice | stim=2.png | option=1 | status=incorrect | reaction_time_ms=529
2026-01-21 00:06:16 | INFO | ./src/core/experiment_flow | TRIAL_RESULT | block=practice | stim=3.png | option=2 | status=incorrect | reaction_time_ms=423
2026-01-21 00:06:17 | INFO | ./src/core/experiment_flow | TRIAL_RESULT | block=practice | stim=5.png | option=2 | status=incorrect | reaction_time_ms=355
2026-01-21 00:06:18 | INFO | ./src/core/experiment_flow | TRIAL_RESULT | block=practice | stim=1.png | option=1 | status=correct | reaction_time_ms=546
2026-01-21 00:06:19 | INFO | ./src/core/experiment_flow | TRIAL_RESULT | block=practice | stim=4.png | option=2 | status=correct | reaction_time_ms=321
2026-01-21 00:06:21 | INFO | ./src/core/experiment_flow | TRIAL_RESULT | block=test | stim=5.png | option=None | status=timeout | reaction_time_ms=1000
2026-01-21 00:06:22 | INFO | ./src/core/experiment_flow | TRIAL_RESULT | block=test | stim=4.png | option=2 | status=correct | reaction_time_ms=971
2026-01-21 00:06:23 | INFO | ./src/core/experiment_flow | TRIAL_RESULT | block=test | stim=2.png | option=1 | status=incorrect | reaction_time_ms=425
2026-01-21 00:06:23 | INFO | ./src/core/experiment_flow | TRIAL_RESULT | block=test | stim=3.png | option=2 | status=incorrect | reaction_time_ms=348
2026-01-21 00:06:24 | INFO | ./src/core/experiment_flow | TRIAL_RESULT | block=test | stim=1.png | option=None | status=timeout | reaction_time_ms=1000
2026-01-22 20:30:25 | INFO | ./src/core/experiment_flow | Participant ID = alvin | VERSION = 2
2026-01-22 20:30:29 | INFO | ./src/core/practice | TRIAL_RESULT | block=practice | stim=3.png | option=2 | status=incorrect | reaction_time_ms=698
2026-01-22 20:30:30 | INFO | ./src/core/practice | TRIAL_RESULT | block=practice | stim=2.png | option=1 | status=incorrect | reaction_time_ms=483
2026-01-22 20:30:32 | INFO | ./src/core/practice | TRIAL_RESULT | block=practice | stim=5.png | option=2 | status=incorrect | reaction_time_ms=688
2026-01-22 20:30:33 | INFO | ./src/core/practice | TRIAL_RESULT | block=practice | stim=4.png | option=2 | status=correct | reaction_time_ms=555
2026-01-22 20:30:34 | INFO | ./src/core/practice | TRIAL_RESULT | block=practice | stim=1.png | option=1 | status=correct | reaction_time_ms=419
2026-01-22 20:30:36 | INFO | ./src/core/practice | TRIAL_RESULT | block=test | stim=2.png | option=None | status=timeout | reaction_time_ms=1000
2026-01-22 20:30:36 | INFO | ./src/core/practice | TRIAL_RESULT | block=test | stim=5.png | option=1 | status=correct | reaction_time_ms=265
2026-01-22 20:30:37 | INFO | ./src/core/practice | TRIAL_RESULT | block=test | stim=3.png | option=2 | status=incorrect | reaction_time_ms=328
2026-01-22 20:30:37 | INFO | ./src/core/practice | TRIAL_RESULT | block=test | stim=4.png | option=1 | status=incorrect | reaction_time_ms=226
2026-01-22 20:30:37 | INFO | ./src/core/practice | TRIAL_RESULT | block=test | stim=1.png | option=2 | status=incorrect | reaction_time_ms=101
2026-01-22 20:48:01 | INFO | ./src/core/experiment_flow | Participant ID = final_test | VERSION = 1
2026-01-22 20:48:01 | INFO | ./src/core/saves | Results file created at C:\Users\alvin\OneDrive\Desktop\CognAC\cerebellum\template\results\cfg.final_test_template_results.csv
2026-01-22 20:48:04 | INFO | ./src/core/practice | TRIAL_RESULT | block=practice | stim=4.png | option=None | status=timeout | reaction_time_ms=1000
2026-01-22 20:48:04 | INFO | ./src/core/saves | Results file created at C:\Users\alvin\OneDrive\Desktop\CognAC\cerebellum\template\results\cfg.final_test_template_results.csv
2026-01-22 20:50:42 | INFO | ./src/core/experiment_flow | Participant ID = final_test | VERSION = 1
2026-01-22 20:50:42 | INFO | ./src/core/saves | Results file created at C:\Users\alvin\OneDrive\Desktop\CognAC\cerebellum\template\results\final_test_template_results.csv
2026-01-22 20:50:45 | INFO | ./src/core/practice | TRIAL_RESULT | block=practice | stim=3.png | option=None | status=timeout | reaction_time_ms=1000
2026-01-22 20:50:45 | INFO | ./src/core/saves | Results file updated
2026-01-22 20:50:46 | INFO | ./src/core/practice | TRIAL_RESULT | block=practice | stim=4.png | option=2 | status=correct | reaction_time_ms=470
2026-01-22 20:50:46 | INFO | ./src/core/saves | Results file updated
2026-01-22 20:50:47 | INFO | ./src/core/practice | TRIAL_RESULT | block=practice | stim=2.png | option=1 | status=incorrect | reaction_time_ms=492
2026-01-22 20:50:47 | INFO | ./src/core/saves | Results file updated
2026-01-22 20:50:48 | INFO | ./src/core/practice | TRIAL_RESULT | block=practice | stim=1.png | option=1 | status=correct | reaction_time_ms=528
2026-01-22 20:50:48 | INFO | ./src/core/saves | Results file updated
2026-01-22 20:50:49 | INFO | ./src/core/practice | TRIAL_RESULT | block=practice | stim=5.png | option=2 | status=incorrect | reaction_time_ms=288
2026-01-22 20:50:49 | INFO | ./src/core/saves | Results file updated
2026-01-22 20:50:52 | INFO | ./src/core/practice | TRIAL_RESULT | block=test | stim=1.png | option=None | status=timeout | reaction_time_ms=1000
2026-01-22 20:50:52 | INFO | ./src/core/saves | Results file updated
2026-01-22 20:50:52 | INFO | ./src/core/practice | TRIAL_RESULT | block=test | stim=5.png | option=1 | status=correct | reaction_time_ms=1
2026-01-22 20:50:52 | INFO | ./src/core/saves | Results file updated
2026-01-22 20:50:52 | INFO | ./src/core/practice | TRIAL_RESULT | block=test | stim=4.png | option=2 | status=correct | reaction_time_ms=164
2026-01-22 20:50:52 | INFO | ./src/core/saves | Results file updated
2026-01-22 20:50:53 | INFO | ./src/core/practice | TRIAL_RESULT | block=test | stim=2.png | option=None | status=timeout | reaction_time_ms=1000
2026-01-22 20:50:53 | INFO | ./src/core/saves | Results file updated
2026-01-22 20:50:54 | INFO | ./src/core/practice | TRIAL_RESULT | block=test | stim=3.png | option=1 | status=correct | reaction_time_ms=487
2026-01-22 20:50:54 | INFO | ./src/core/saves | Results file updated
2026-01-23 17:31:41 | INFO | ./src/core/experiment_flow | Participant ID = alvin | VERSION = 2
2026-01-23 17:31:41 | INFO | ./src/core/saves | Results file created at C:\Users\alvin\OneDrive\Desktop\CognAC\cerebellum\template\results\alvin_template_results.csv
2026-01-23 17:31:44 | INFO | ./src/core/practice | TRIAL_RESULT | block=practice | stim=4.png | option=2 | status=correct | reaction_time_ms=751
2026-01-23 17:31:44 | INFO | ./src/core/saves | Results file updated
2026-01-23 17:31:46 | INFO | ./src/core/practice | TRIAL_RESULT | block=practice | stim=1.png | option=1 | status=correct | reaction_time_ms=817
2026-01-23 17:31:46 | INFO | ./src/core/saves | Results file updated
2026-01-23 17:31:47 | INFO | ./src/core/practice | TRIAL_RESULT | block=practice | stim=2.png | option=1 | status=incorrect | reaction_time_ms=270
2026-01-23 17:31:47 | INFO | ./src/core/saves | Results file updated
2026-01-23 17:31:48 | INFO | ./src/core/practice | TRIAL_RESULT | block=practice | stim=5.png | option=None | status=timeout | reaction_time_ms=1000
2026-01-23 17:31:48 | INFO | ./src/core/saves | Results file updated
2026-01-23 17:31:50 | INFO | ./src/core/practice | TRIAL_RESULT | block=practice | stim=3.png | option=None | status=timeout | reaction_time_ms=1000
2026-01-23 17:31:50 | INFO | ./src/core/saves | Results file updated
2026-01-23 17:31:53 | INFO | ./src/core/practice | TRIAL_RESULT | block=test | stim=5.png | option=None | status=timeout | reaction_time_ms=1000
2026-01-23 17:31:53 | INFO | ./src/core/saves | Results file updated
2026-01-23 17:31:53 | INFO | ./src/core/practice | TRIAL_RESULT | block=test | stim=3.png | option=2 | status=incorrect | reaction_time_ms=9
2026-01-23 17:31:53 | INFO | ./src/core/saves | Results file updated
2026-01-23 17:31:54 | INFO | ./src/core/practice | TRIAL_RESULT | block=test | stim=1.png | option=2 | status=incorrect | reaction_time_ms=252
2026-01-23 17:31:54 | INFO | ./src/core/saves | Results file updated
2026-01-23 17:31:55 | INFO | ./src/core/practice | TRIAL_RESULT | block=test | stim=4.png | option=None | status=timeout | reaction_time_ms=1000
2026-01-23 17:31:55 | INFO | ./src/core/saves | Results file updated
2026-01-23 17:31:56 | INFO | ./src/core/practice | TRIAL_RESULT | block=test | stim=2.png | option=None | status=timeout | reaction_time_ms=1000
2026-01-23 17:31:56 | INFO | ./src/core/saves | Results file updated
2026-01-23 20:44:50 | INFO | ./src/core/experiment_flow | Participant ID = 1 | Dominand Hand = left | Less Affected Hand = right
2026-01-23 20:44:50 | INFO | ./src/core/saves | Results file created at C:\Users\alvin\OneDrive\Desktop\CognAC\cerebellum\template\results\1_template_results.csv
2026-01-23 20:45:17 | INFO | ./src/core/experiment_flow | Participant ID = t2 | Dominand Hand = left | Less Affected Hand = left
2026-01-23 20:45:17 | INFO | ./src/core/saves | Results file created at C:\Users\alvin\OneDrive\Desktop\CognAC\cerebellum\template\results\t2_template_results.csv
2026-01-23 20:45:20 | INFO | ./src/core/practice | TRIAL_RESULT | block=practice | stim=5.png | option=None | status=timeout | reaction_time_ms=1000
2026-01-23 20:45:20 | INFO | ./src/core/saves | Results file updated
2026-01-23 20:46:00 | INFO | ./src/core/experiment_flow | Participant ID = t3 | Dominand Hand = left | Less Affected Hand = right
2026-01-23 20:46:00 | INFO | ./src/core/saves | Results file created at C:\Users\alvin\OneDrive\Desktop\CognAC\cerebellum\template\results\t3_template_results.csv
2026-01-23 20:46:03 | INFO | ./src/core/practice | TRIAL_RESULT | block=practice | stim=4.png | option=1 | status=incorrect | reaction_time_ms=223
2026-01-23 20:46:03 | INFO | ./src/core/saves | Results file updated
2026-01-23 20:46:04 | INFO | ./src/core/practice | TRIAL_RESULT | block=practice | stim=2.png | option=2 | status=correct | reaction_time_ms=2
2026-01-23 20:46:04 | INFO | ./src/core/saves | Results file updated
2026-01-23 20:46:05 | INFO | ./src/core/practice | TRIAL_RESULT | block=practice | stim=3.png | option=2 | status=incorrect | reaction_time_ms=197
2026-01-23 20:46:05 | INFO | ./src/core/saves | Results file updated
2026-01-23 20:46:06 | INFO | ./src/core/practice | TRIAL_RESULT | block=practice | stim=5.png | option=1 | status=correct | reaction_time_ms=66
2026-01-23 20:46:06 | INFO | ./src/core/saves | Results file updated
2026-01-23 20:46:07 | INFO | ./src/core/practice | TRIAL_RESULT | block=practice | stim=1.png | option=2 | status=incorrect | reaction_time_ms=14
2026-01-23 20:46:07 | INFO | ./src/core/saves | Results file updated
2026-01-23 20:46:31 | INFO | ./src/core/experiment_flow | Participant ID = t4 | Dominand Hand = left | Less Affected Hand = right
2026-01-23 20:46:31 | INFO | ./src/core/saves | Results file created at C:\Users\alvin\OneDrive\Desktop\CognAC\cerebellum\template\results\t4_template_results.csv
2026-01-23 20:46:34 | INFO | ./src/core/practice | TRIAL_RESULT | block=practice | stim=1.png | option=1 | status=correct | reaction_time_ms=257
2026-01-23 20:46:34 | INFO | ./src/core/saves | Results file updated
2026-01-23 20:46:36 | INFO | ./src/core/practice | TRIAL_RESULT | block=practice | stim=4.png | option=2 | status=correct | reaction_time_ms=891
2026-01-23 20:46:36 | INFO | ./src/core/saves | Results file updated
2026-01-23 20:46:37 | INFO | ./src/core/practice | TRIAL_RESULT | block=practice | stim=2.png | option=2 | status=correct | reaction_time_ms=169
2026-01-23 20:46:37 | INFO | ./src/core/saves | Results file updated
2026-01-23 20:46:38 | INFO | ./src/core/practice | TRIAL_RESULT | block=practice | stim=5.png | option=2 | status=incorrect | reaction_time_ms=526
2026-01-23 20:46:38 | INFO | ./src/core/saves | Results file updated
2026-01-23 20:46:40 | INFO | ./src/core/practice | TRIAL_RESULT | block=practice | stim=3.png | option=1 | status=correct | reaction_time_ms=292
2026-01-23 20:46:40 | INFO | ./src/core/saves | Results file updated
2026-01-23 20:46:42 | INFO | ./src/core/practice | TRIAL_RESULT | block=test | stim=1.png | option=1 | status=correct | reaction_time_ms=348
2026-01-23 20:46:42 | INFO | ./src/core/saves | Results file updated
2026-01-23 20:46:43 | INFO | ./src/core/practice | TRIAL_RESULT | block=test | stim=3.png | option=2 | status=incorrect | reaction_time_ms=318
2026-01-23 20:46:43 | INFO | ./src/core/saves | Results file updated
2026-01-23 20:46:44 | INFO | ./src/core/practice | TRIAL_RESULT | block=test | stim=4.png | option=2 | status=correct | reaction_time_ms=288
2026-01-23 20:46:44 | INFO | ./src/core/saves | Results file updated
2026-01-23 20:46:44 | INFO | ./src/core/practice | TRIAL_RESULT | block=test | stim=2.png | option=1 | status=incorrect | reaction_time_ms=170
2026-01-23 20:46:44 | INFO | ./src/core/saves | Results file updated
2026-01-23 20:46:46 | INFO | ./src/core/practice | TRIAL_RESULT | block=test | stim=5.png | option=None | status=timeout | reaction_time_ms=1000
2026-01-23 20:46:46 | INFO | ./src/core/saves | Results file updated
2026-01-26 19:55:10 | INFO | ./src/core/experiment_flow | Participant ID = alvin | Dominand Hand = right | Less Affected Hand = right
2026-01-26 19:55:10 | INFO | ./src/core/saves | Results file created at C:\Users\alvin\OneDrive\Desktop\CognAC\cerebellum\template\results\alvin_template_results.csv
2026-01-26 19:55:16 | INFO | ./src/core/practice | TRIAL_RESULT | block=practice | stim=1.png | option=None | status=timeout | reaction_time_ms=1000
2026-01-26 19:55:16 | INFO | ./src/core/saves | Results file updated
2026-01-26 19:55:18 | INFO | ./src/core/practice | TRIAL_RESULT | block=practice | stim=2.png | option=None | status=timeout | reaction_time_ms=1000
2026-01-26 19:55:18 | INFO | ./src/core/saves | Results file updated
2026-01-26 19:55:19 | INFO | ./src/core/practice | TRIAL_RESULT | block=practice | stim=3.png | option=1 | status=correct | reaction_time_ms=451
2026-01-26 19:55:19 | INFO | ./src/core/saves | Results file updated
2026-01-26 19:55:21 | INFO | ./src/core/practice | TRIAL_RESULT | block=practice | stim=4.png | option=2 | status=correct | reaction_time_ms=588
2026-01-26 19:55:21 | INFO | ./src/core/saves | Results file updated
2026-01-26 19:55:22 | INFO | ./src/core/practice | TRIAL_RESULT | block=practice | stim=5.png | option=1 | status=correct | reaction_time_ms=486
2026-01-26 19:55:22 | INFO | ./src/core/saves | Results file updated
2026-01-26 19:55:26 | INFO | ./src/core/practice | TRIAL_RESULT | block=test | stim=3.png | option=1 | status=correct | reaction_time_ms=522
2026-01-26 19:55:26 | INFO | ./src/core/saves | Results file updated
2026-01-26 19:55:27 | INFO | ./src/core/practice | TRIAL_RESULT | block=test | stim=4.png | option=2 | status=correct | reaction_time_ms=0
2026-01-26 19:55:27 | INFO | ./src/core/saves | Results file updated
2026-01-26 19:55:27 | INFO | ./src/core/practice | TRIAL_RESULT | block=test | stim=5.png | option=2 | status=incorrect | reaction_time_ms=362
2026-01-26 19:55:27 | INFO | ./src/core/saves | Results file updated
2026-01-26 19:55:29 | INFO | ./src/core/practice | TRIAL_RESULT | block=test | stim=1.png | option=1 | status=correct | reaction_time_ms=1000
2026-01-26 19:55:29 | INFO | ./src/core/saves | Results file updated
2026-01-26 19:55:30 | INFO | ./src/core/practice | TRIAL_RESULT | block=test | stim=2.png | option=2 | status=correct | reaction_time_ms=671
2026-01-26 19:55:30 | INFO | ./src/core/saves | Results file updated
2026-01-26 19:55:42 | INFO | ./src/core/experiment_flow | Participant ID = alvin | Dominand Hand = left | Less Affected Hand = right
2026-01-26 19:55:42 | INFO | ./src/core/saves | Results file created at C:\Users\alvin\OneDrive\Desktop\CognAC\cerebellum\template\results\alvin_template_results.csv
2026-01-26 19:55:45 | INFO | ./src/core/practice | TRIAL_RESULT | block=practice | stim=1.png | option=1 | status=correct | reaction_time_ms=421
2026-01-26 19:55:45 | INFO | ./src/core/saves | Results file updated
2026-01-26 19:55:46 | INFO | ./src/core/practice | TRIAL_RESULT | block=practice | stim=3.png | option=2 | status=incorrect | reaction_time_ms=387
2026-01-26 19:55:46 | INFO | ./src/core/saves | Results file updated
2026-01-26 19:55:48 | INFO | ./src/core/practice | TRIAL_RESULT | block=practice | stim=4.png | option=2 | status=correct | reaction_time_ms=706
2026-01-26 19:55:48 | INFO | ./src/core/saves | Results file updated
2026-01-26 19:55:49 | INFO | ./src/core/practice | TRIAL_RESULT | block=practice | stim=5.png | option=2 | status=incorrect | reaction_time_ms=558
2026-01-26 19:55:49 | INFO | ./src/core/saves | Results file updated
2026-01-26 19:55:51 | INFO | ./src/core/practice | TRIAL_RESULT | block=practice | stim=2.png | option=2 | status=correct | reaction_time_ms=515
2026-01-26 19:55:51 | INFO | ./src/core/saves | Results file updated
2026-01-26 19:55:54 | INFO | ./src/core/practice | TRIAL_RESULT | block=test | stim=4.png | option=1 | status=incorrect | reaction_time_ms=639
2026-01-26 19:55:54 | INFO | ./src/core/saves | Results file updated
2026-01-26 19:55:55 | INFO | ./src/core/practice | TRIAL_RESULT | block=test | stim=3.png | option=1 | status=correct | reaction_time_ms=462
2026-01-26 19:55:55 | INFO | ./src/core/saves | Results file updated
2026-01-26 19:55:56 | INFO | ./src/core/practice | TRIAL_RESULT | block=test | stim=1.png | option=1 | status=correct | reaction_time_ms=421
2026-01-26 19:55:56 | INFO | ./src/core/saves | Results file updated
2026-01-26 19:55:57 | INFO | ./src/core/practice | TRIAL_RESULT | block=test | stim=2.png | option=1 | status=incorrect | reaction_time_ms=350
2026-01-26 19:55:57 | INFO | ./src/core/saves | Results file updated
2026-01-26 19:55:58 | INFO | ./src/core/practice | TRIAL_RESULT | block=test | stim=5.png | option=2 | status=incorrect | reaction_time_ms=361
2026-01-26 19:55:58 | INFO | ./src/core/saves | Results file updated
2026-01-26 19:57:50 | INFO | ./src/core/experiment_flow | Participant ID = js_test | Dominand Hand = right | Less Affected Hand = right
2026-01-26 19:57:50 | INFO | ./src/core/saves | Results file created at C:\Users\alvin\OneDrive\Desktop\CognAC\cerebellum\template\results\js_test_template_results.csv
2026-01-26 19:57:53 | INFO | ./src/core/practice | TRIAL_RESULT | block=practice | stim=5.png | option=1 | status=correct | reaction_time_ms=382
2026-01-26 19:57:53 | INFO | ./src/core/saves | Results file updated
2026-01-26 19:57:55 | INFO | ./src/core/practice | TRIAL_RESULT | block=practice | stim=4.png | option=1 | status=incorrect | reaction_time_ms=396
2026-01-26 19:57:55 | INFO | ./src/core/saves | Results file updated
2026-01-26 19:57:57 | INFO | ./src/core/practice | TRIAL_RESULT | block=practice | stim=2.png | option=None | status=timeout | reaction_time_ms=1000
2026-01-26 19:57:57 | INFO | ./src/core/saves | Results file updated
2026-01-26 19:57:59 | INFO | ./src/core/practice | TRIAL_RESULT | block=practice | stim=1.png | option=None | status=timeout | reaction_time_ms=1000
2026-01-26 19:57:59 | INFO | ./src/core/saves | Results file updated
2026-01-26 19:58:00 | INFO | ./src/core/practice | TRIAL_RESULT | block=practice | stim=3.png | option=2 | status=incorrect | reaction_time_ms=332
2026-01-26 19:58:00 | INFO | ./src/core/saves | Results file updated
2026-01-26 19:58:03 | INFO | ./src/core/practice | TRIAL_RESULT | block=test | stim=3.png | option=1 | status=correct | reaction_time_ms=458
2026-01-26 19:58:03 | INFO | ./src/core/saves | Results file updated
2026-01-26 19:58:04 | INFO | ./src/core/practice | TRIAL_RESULT | block=test | stim=5.png | option=1 | status=correct | reaction_time_ms=430
2026-01-26 19:58:04 | INFO | ./src/core/saves | Results file updated
2026-01-26 19:58:05 | INFO | ./src/core/practice | TRIAL_RESULT | block=test | stim=1.png | option=1 | status=correct | reaction_time_ms=520
2026-01-26 19:58:05 | INFO | ./src/core/saves | Results file updated
2026-01-26 19:58:06 | INFO | ./src/core/practice | TRIAL_RESULT | block=test | stim=2.png | option=2 | status=correct | reaction_time_ms=321
2026-01-26 19:58:06 | INFO | ./src/core/saves | Results file updated
2026-01-26 19:58:07 | INFO | ./src/core/practice | TRIAL_RESULT | block=test | stim=4.png | option=2 | status=correct | reaction_time_ms=281
2026-01-26 19:58:07 | INFO | ./src/core/saves | Results file updated
2026-01-26 19:59:21 | INFO | ./src/core/experiment_flow | Participant ID = joystick_test | Dominand Hand = right | Less Affected Hand = right
2026-01-26 19:59:21 | INFO | ./src/core/saves | Results file created at C:\Users\alvin\OneDrive\Desktop\CognAC\cerebellum\template\results\joystick_test_template_results.csv
2026-01-26 19:59:27 | INFO | ./src/core/practice | TRIAL_RESULT | block=practice | stim=3.png | option=1 | status=correct | reaction_time_ms=681
2026-01-26 19:59:27 | INFO | ./src/core/saves | Results file updated
2026-01-26 19:59:28 | INFO | ./src/core/practice | TRIAL_RESULT | block=practice | stim=1.png | option=2 | status=incorrect | reaction_time_ms=718
2026-01-26 19:59:28 | INFO | ./src/core/saves | Results file updated
2026-01-26 19:59:30 | INFO | ./src/core/practice | TRIAL_RESULT | block=practice | stim=4.png | option=2 | status=correct | reaction_time_ms=802
2026-01-26 19:59:30 | INFO | ./src/core/saves | Results file updated
2026-01-26 19:59:32 | INFO | ./src/core/practice | TRIAL_RESULT | block=practice | stim=2.png | option=None | status=timeout | reaction_time_ms=1000
2026-01-26 19:59:32 | INFO | ./src/core/saves | Results file updated
2026-01-26 19:59:34 | INFO | ./src/core/practice | TRIAL_RESULT | block=practice | stim=5.png | option=1 | status=correct | reaction_time_ms=614
2026-01-26 19:59:34 | INFO | ./src/core/saves | Results file updated
2026-01-26 19:59:39 | INFO | ./src/core/practice | TRIAL_RESULT | block=test | stim=4.png | option=1 | status=incorrect | reaction_time_ms=767
2026-01-26 19:59:39 | INFO | ./src/core/saves | Results file updated
2026-01-26 19:59:40 | INFO | ./src/core/practice | TRIAL_RESULT | block=test | stim=3.png | option=1 | status=correct | reaction_time_ms=729
2026-01-26 19:59:40 | INFO | ./src/core/saves | Results file updated
2026-01-26 19:59:41 | INFO | ./src/core/practice | TRIAL_RESULT | block=test | stim=2.png | option=2 | status=correct | reaction_time_ms=849
2026-01-26 19:59:41 | INFO | ./src/core/saves | Results file updated
2026-01-26 19:59:43 | INFO | ./src/core/practice | TRIAL_RESULT | block=test | stim=1.png | option=None | status=timeout | reaction_time_ms=1000
2026-01-26 19:59:43 | INFO | ./src/core/saves | Results file updated
2026-01-26 19:59:44 | INFO | ./src/core/practice | TRIAL_RESULT | block=test | stim=5.png | option=1 | status=correct | reaction_time_ms=520
2026-01-26 19:59:44 | INFO | ./src/core/saves | Results file updated
2026-01-30 13:59:50 | INFO | ./src/core/main_window | Participant ID = test | Dominand Hand = right | Less Affected Hand = right
2026-01-30 13:59:50 | INFO | ./src/core/saves | Results file created at C:\Users\sheep\Desktop\CognAc\cerebellum\semantic_decision\results\test_template_results.csv
2026-01-30 14:21:57 | INFO | ./src/core/main_window | Participant ID = test1 | Dominand Hand = right | Less Affected Hand = right
2026-01-30 14:21:57 | INFO | ./src/core/saves | Results file created at C:\Users\sheep\Desktop\CognAc\cerebellum\semantic_decision\results\test1_template_results.csv
2026-01-30 14:22:01 | INFO | ./src/core/main_window | Loaded 10 sentences
2026-01-30 14:27:41 | INFO | ./src/core/main_window | Participant ID =  test2 | Dominand Hand = right | Less Affected Hand = right
2026-01-30 14:27:41 | INFO | ./src/core/saves | Results file created at C:\Users\sheep\Desktop\CognAc\cerebellum\semantic_decision\results\ test2_template_results.csv
2026-01-30 14:27:43 | INFO | ./src/core/main_window | Loaded 10 sentences
2026-01-30 14:28:49 | INFO | ./src/core/main_window | Participant ID = test3 | Dominand Hand = right | Less Affected Hand = right
2026-01-30 14:28:49 | INFO | ./src/core/saves | Results file created at C:\Users\sheep\Desktop\CognAc\cerebellum\semantic_decision\results\test3_template_results.csv
2026-01-30 14:28:51 | INFO | ./src/core/main_window | Loaded 10 sentences
2026-01-30 14:29:41 | INFO | ./src/core/main_window | Participant ID = test4 | Dominand Hand = right | Less Affected Hand = right
2026-01-30 14:29:41 | INFO | ./src/core/saves | Results file created at C:\Users\sheep\Desktop\CognAc\cerebellum\semantic_decision\results\test4_template_results.csv
2026-01-30 14:29:44 | INFO | ./src/core/main_window | Loaded 10 sentences
2026-01-30 14:33:55 | INFO | ./src/core/main_window | Participant ID = test5 | Dominand Hand = right | Less Affected Hand = right
2026-01-30 14:33:55 | INFO | ./src/core/saves | Results file created at C:\Users\sheep\Desktop\CognAc\cerebellum\semantic_decision\results\test5_template_results.csv
2026-01-30 14:33:57 | INFO | ./src/core/main_window | Loaded 10 sentences
2026-01-30 14:35:25 | INFO | ./src/core/main_window | Participant ID = test6 | Dominand Hand = right | Less Affected Hand = right
2026-01-30 14:35:25 | INFO | ./src/core/saves | Results file created at C:\Users\sheep\Desktop\CognAc\cerebellum\semantic_decision\results\test6_template_results.csv
2026-01-30 14:35:26 | INFO | ./src/core/main_window | Loaded 10 sentences
2026-01-30 14:36:25 | INFO | ./src/core/main_window | Participant ID = test7 | Dominand Hand = right | Less Affected Hand = right
2026-01-30 14:36:25 | INFO | ./src/core/saves | Results file created at C:\Users\sheep\Desktop\CognAc\cerebellum\semantic_decision\results\test7_template_results.csv
2026-01-30 14:36:26 | INFO | ./src/core/main_window | Loaded 10 sentences
2026-01-30 14:37:59 | INFO | ./src/core/main_window | Participant ID = test8 | Dominand Hand = right | Less Affected Hand = right
2026-01-30 14:37:59 | INFO | ./src/core/saves | Results file created at C:\Users\sheep\Desktop\CognAc\cerebellum\semantic_decision\results\test8_template_results.csv
2026-01-30 14:38:01 | INFO | ./src/core/main_window | Loaded 10 sentences
2026-01-30 14:40:20 | INFO | ./src/core/main_window | Participant ID = test9 | Dominand Hand = right | Less Affected Hand = right
2026-01-30 14:40:20 | INFO | ./src/core/saves | Results file created at C:\Users\sheep\Desktop\CognAc\cerebellum\semantic_decision\results\test9_template_results.csv
2026-01-30 14:40:22 | INFO | ./src/core/main_window | Loaded 10 sentences
2026-01-30 14:40:27 | INFO | ./src/core/practice | TRIAL_RESULT | block=practice | condition=predictable | predictability=high | cloze_prob=0.88 | meaningful=True | target_word=milk | response=1 | status=correct | reaction_time_ms=1946
2026-01-30 14:41:43 | INFO | ./src/core/main_window | Participant ID = test9 | Dominand Hand = right | Less Affected Hand = right
2026-01-30 14:41:43 | INFO | ./src/core/saves | Results file created at C:\Users\sheep\Desktop\CognAc\cerebellum\semantic_decision\results\test9_template_results.csv
2026-01-30 14:41:45 | INFO | ./src/core/main_window | Loaded 10 sentences
2026-01-30 14:41:50 | INFO | ./src/core/practice | TRIAL_RESULT | block=practice | condition=predictable | predictability=high | cloze_prob=0.82 | meaningful=True | target_word=location | response=2 | status=incorrect | reaction_time_ms=921
2026-01-30 14:43:09 | INFO | ./src/core/main_window | Participant ID = test10 | Dominand Hand = right | Less Affected Hand = right
2026-01-30 14:43:09 | INFO | ./src/core/saves | Results file created at C:\Users\sheep\Desktop\CognAc\cerebellum\semantic_decision\results\test10_template_results.csv
2026-01-30 14:43:11 | INFO | ./src/core/main_window | Loaded 10 sentences
2026-01-30 14:43:16 | INFO | ./src/core/practice | TRIAL_RESULT | block=practice | condition=predictable | predictability=high | cloze_prob=0.87 | meaningful=True | target_word=hoop | response=1 | status=correct | reaction_time_ms=1289
2026-01-30 14:43:16 | INFO | ./src/core/saves | Results file updated
2026-01-30 14:43:23 | INFO | ./src/core/practice | TRIAL_RESULT | block=practice | condition=switching | predictability=low | cloze_prob=0.41 | meaningful=True | target_word=treat | response=2 | status=incorrect | reaction_time_ms=1349
2026-01-30 14:43:23 | INFO | ./src/core/saves | Results file updated
2026-01-30 14:43:28 | INFO | ./src/core/practice | TRIAL_RESULT | block=practice | condition=predictable | predictability=high | cloze_prob=0.84 | meaningful=True | target_word=come | response=1 | status=correct | reaction_time_ms=1047
2026-01-30 14:43:29 | INFO | ./src/core/saves | Results file updated
2026-01-30 14:43:36 | INFO | ./src/core/practice | TRIAL_RESULT | block=practice | condition=meaningless | predictability=low | cloze_prob=0.35 | meaningful=False | target_word=heal | response=2 | status=incorrect | reaction_time_ms=1883
2026-01-30 14:43:36 | INFO | ./src/core/saves | Results file updated
2026-01-30 14:43:42 | INFO | ./src/core/practice | TRIAL_RESULT | block=practice | condition=switching | predictability=low | cloze_prob=0.34 | meaningful=True | target_word=counter | response=1 | status=correct | reaction_time_ms=938
2026-01-30 14:43:42 | INFO | ./src/core/saves | Results file updated
2026-01-30 14:43:49 | INFO | ./src/core/practice | TRIAL_RESULT | block=practice | condition=predictable | predictability=high | cloze_prob=0.82 | meaningful=True | target_word=location | response=1 | status=correct | reaction_time_ms=1795
2026-01-30 14:43:49 | INFO | ./src/core/saves | Results file updated
2026-01-30 14:43:57 | INFO | ./src/core/practice | TRIAL_RESULT | block=practice | condition=switching | predictability=low | cloze_prob=0.43 | meaningful=True | target_word=call | response=1 | status=correct | reaction_time_ms=1199
2026-01-30 14:43:57 | INFO | ./src/core/saves | Results file updated
2026-01-30 14:44:03 | INFO | ./src/core/practice | TRIAL_RESULT | block=practice | condition=meaningless | predictability=low | cloze_prob=0.36 | meaningful=False | target_word=space | response=2 | status=incorrect | reaction_time_ms=1272
2026-01-30 14:44:03 | INFO | ./src/core/saves | Results file updated
2026-01-30 14:44:08 | INFO | ./src/core/practice | TRIAL_RESULT | block=practice | condition=predictable | predictability=high | cloze_prob=0.88 | meaningful=True | target_word=milk | response=1 | status=correct | reaction_time_ms=1051
2026-01-30 14:44:08 | INFO | ./src/core/saves | Results file updated
2026-01-30 14:44:15 | INFO | ./src/core/practice | TRIAL_RESULT | block=test | condition=predictable | predictability=high | cloze_prob=0.92 | meaningful=True | target_word=sink | response=1 | status=correct | reaction_time_ms=907
2026-01-30 14:44:15 | INFO | ./src/core/saves | Results file updated
2026-01-30 14:56:54 | INFO | ./src/core/main_window | Participant ID = test11 | Dominand Hand = right | Less Affected Hand = right
2026-01-30 14:56:54 | INFO | ./src/core/saves | Results file created at C:\Users\sheep\Desktop\CognAc\cerebellum\semantic_decision\results\test11_template_results.csv
2026-01-30 14:56:56 | INFO | ./src/core/main_window | Loaded 354 sentences
2026-01-30 14:57:02 | INFO | ./src/core/practice | TRIAL_RESULT | block=practice | condition=meaningless | predictability=low | cloze_prob=0.35 | meaningful=False | target_word=heal | response=1 | status=incorrect | reaction_time_ms=780
2026-01-30 14:57:02 | INFO | ./src/core/saves | Results file updated
2026-01-30 14:59:21 | INFO | ./src/core/main_window | Participant ID = test12 | Dominand Hand = right | Less Affected Hand = right
2026-01-30 14:59:21 | INFO | ./src/core/saves | Results file created at C:\Users\sheep\Desktop\CognAc\cerebellum\semantic_decision\results\test12_template_results.csv
2026-01-30 14:59:22 | INFO | ./src/core/main_window | Loaded 354 sentences
2026-01-30 15:04:21 | INFO | ./src/core/main_window | Participant ID = test13 | Dominand Hand = right | Less Affected Hand = right
2026-01-30 15:04:21 | INFO | ./src/core/saves | Results file created at C:\Users\sheep\Desktop\CognAc\cerebellum\semantic_decision\results\test13_template_results.csv
2026-01-30 15:04:24 | INFO | ./src/core/main_window | Loaded 354 sentences
2026-01-30 15:04:29 | INFO | ./src/core/practice | TRIAL_RESULT | block=practice | condition=meaningless | predictability=low | cloze_prob=0.35 | meaningful=False | target_word=heal | response=1 | status=incorrect | reaction_time_ms=399
2026-01-30 15:04:29 | INFO | ./src/core/saves | Results file updated
2026-01-30 15:04:35 | INFO | ./src/core/practice | TRIAL_RESULT | block=practice | condition=switching | predictability=low | cloze_prob=0.34 | meaningful=True | target_word=counter | response=1 | status=correct | reaction_time_ms=859
2026-01-30 15:04:35 | INFO | ./src/core/saves | Results file updated
2026-01-30 15:04:42 | INFO | ./src/core/practice | TRIAL_RESULT | block=practice | condition=meaningless | predictability=low | cloze_prob=0.36 | meaningful=False | target_word=space | response=2 | status=incorrect | reaction_time_ms=1437
2026-01-30 15:04:42 | INFO | ./src/core/saves | Results file updated
2026-01-30 15:04:48 | INFO | ./src/core/practice | TRIAL_RESULT | block=practice | condition=predictable | predictability=high | cloze_prob=0.84 | meaningful=True | target_word=come | response=1 | status=correct | reaction_time_ms=1629
2026-01-30 15:04:48 | INFO | ./src/core/saves | Results file updated
2026-01-30 15:04:55 | INFO | ./src/core/practice | TRIAL_RESULT | block=practice | condition=switching | predictability=low | cloze_prob=0.43 | meaningful=True | target_word=call | response=1 | status=correct | reaction_time_ms=925
2026-01-30 15:04:55 | INFO | ./src/core/saves | Results file updated
2026-01-30 15:05:02 | INFO | ./src/core/practice | TRIAL_RESULT | block=practice | condition=switching | predictability=low | cloze_prob=0.41 | meaningful=True | target_word=treat | response=1 | status=correct | reaction_time_ms=1101
2026-01-30 15:05:02 | INFO | ./src/core/saves | Results file updated
2026-01-30 15:05:11 | INFO | ./src/core/practice | TRIAL_RESULT | block=practice | condition=predictable | predictability=high | cloze_prob=0.82 | meaningful=True | target_word=location | response=None | status=timeout | reaction_time_ms=4000
2026-01-30 15:05:11 | INFO | ./src/core/saves | Results file updated
2026-01-30 15:17:29 | INFO | ./src/core/main_window | Participant ID = test14 | Dominand Hand = left | Less Affected Hand = right
2026-01-30 15:17:29 | INFO | ./src/core/saves | Results file created at C:\Users\sheep\Desktop\CognAc\cerebellum\semantic_decision\results\test14_template_results.csv
2026-01-30 15:17:31 | INFO | ./src/core/main_window | Loaded 354 sentences
2026-01-30 15:17:38 | INFO | ./src/core/practice | TRIAL_RESULT | block=practice | condition=meaningless | predictability=low | cloze_prob=0.35 | meaningful=False | target_word=heal | response=2 | status=incorrect | reaction_time_ms=2371
2026-01-30 15:17:38 | INFO | ./src/core/saves | Results file created at C:\Users\sheep\Desktop\CognAc\cerebellum\semantic_decision\results\test14_template_results.csv
2026-01-30 15:20:21 | INFO | ./src/core/main_window | Participant ID = test15 | Dominand Hand = right | Less Affected Hand = right
2026-01-30 15:20:21 | INFO | ./src/core/saves | Results file created at C:\Users\sheep\Desktop\CognAc\cerebellum\semantic_decision\results\test15_semantic_decision_results.csv
2026-01-30 15:20:23 | INFO | ./src/core/main_window | Loaded 354 sentences
2026-01-30 15:20:29 | INFO | ./src/core/practice | TRIAL_RESULT | block=practice | condition=switching | predictability=low | cloze_prob=0.34 | meaningful=True | target_word=counter | response=1 | status=correct | reaction_time_ms=755
2026-01-30 15:20:29 | INFO | ./src/core/saves | Results file updated
2026-01-30 15:20:36 | INFO | ./src/core/practice | TRIAL_RESULT | block=practice | condition=meaningless | predictability=low | cloze_prob=0.35 | meaningful=False | target_word=heal | response=1 | status=incorrect | reaction_time_ms=1641
2026-01-30 15:20:36 | INFO | ./src/core/saves | Results file updated
2026-01-30 15:20:42 | INFO | ./src/core/practice | TRIAL_RESULT | block=practice | condition=meaningless | predictability=low | cloze_prob=0.36 | meaningful=False | target_word=space | response=1 | status=incorrect | reaction_time_ms=683
2026-01-30 15:20:42 | INFO | ./src/core/saves | Results file updated
2026-01-30 15:20:53 | INFO | ./src/core/practice | TRIAL_RESULT | block=test | condition=switching | predictability=low | cloze_prob=0.36 | meaningful=True | target_word=run | response=2 | status=incorrect | reaction_time_ms=1595
2026-01-30 15:20:53 | INFO | ./src/core/saves | Results file updated
2026-01-30 15:20:59 | INFO | ./src/core/practice | TRIAL_RESULT | block=test | condition=switching | predictability=low | cloze_prob=0.49 | meaningful=True | target_word=perfume | response=1 | status=correct | reaction_time_ms=1047
2026-01-30 15:20:59 | INFO | ./src/core/saves | Results file updated
2026-01-30 15:21:07 | INFO | ./src/core/practice | TRIAL_RESULT | block=test | condition=meaningless | predictability=high | cloze_prob=0.89 | meaningful=False | target_word=mountain | response=1 | status=incorrect | reaction_time_ms=2523
2026-01-30 15:21:07 | INFO | ./src/core/saves | Results file updated
2026-01-30 15:21:14 | INFO | ./src/core/practice | TRIAL_RESULT | block=test | condition=predictable | predictability=high | cloze_prob=0.87 | meaningful=True | target_word=steal | response=1 | status=correct | reaction_time_ms=2043
2026-01-30 15:21:14 | INFO | ./src/core/saves | Results file updated
2026-01-30 15:21:20 | INFO | ./src/core/practice | TRIAL_RESULT | block=test | condition=predictable | predictability=high | cloze_prob=0.80 | meaningful=True | target_word=jacket | response=2 | status=incorrect | reaction_time_ms=1562
2026-01-30 15:21:20 | INFO | ./src/core/saves | Results file updated
2026-01-30 15:21:26 | INFO | ./src/core/practice | TRIAL_RESULT | block=test | condition=switching | predictability=low | cloze_prob=0.32 | meaningful=True | target_word=village | response=1 | status=correct | reaction_time_ms=1021
2026-01-30 15:21:26 | INFO | ./src/core/saves | Results file updated
2026-01-30 15:21:32 | INFO | ./src/core/practice | TRIAL_RESULT | block=test | condition=predictable | predictability=high | cloze_prob=0.82 | meaningful=True | target_word=location | response=1 | status=correct | reaction_time_ms=1630
2026-01-30 15:21:32 | INFO | ./src/core/saves | Results file updated
2026-01-30 15:21:36 | INFO | ./src/core/practice | TRIAL_RESULT | block=test | condition=predictable | predictability=high | cloze_prob=0.91 | meaningful=True | target_word=size | response=1 | status=correct | reaction_time_ms=917
2026-01-30 15:21:36 | INFO | ./src/core/saves | Results file updated
2026-01-30 15:21:42 | INFO | ./src/core/practice | TRIAL_RESULT | block=test | condition=switching | predictability=low | cloze_prob=0.46 | meaningful=True | target_word=fellow | response=1 | status=correct | reaction_time_ms=1438
2026-01-30 15:21:42 | INFO | ./src/core/saves | Results file updated
2026-01-30 15:21:49 | INFO | ./src/core/practice | TRIAL_RESULT | block=test | condition=meaningless | predictability=low | cloze_prob=0.35 | meaningful=False | target_word=sauce | response=2 | status=incorrect | reaction_time_ms=1586
2026-01-30 15:21:49 | INFO | ./src/core/saves | Results file updated
2026-01-30 15:29:52 | INFO | ./src/core/main_window | Participant ID = test16 | Dominand Hand = right | Less Affected Hand = right
2026-01-30 15:29:52 | INFO | ./src/core/saves | Results file created at C:\Users\sheep\Desktop\CognAc\cerebellum\semantic_decision\results\test16_semantic_decision_results.csv
2026-01-30 15:29:53 | INFO | ./src/core/main_window | Loaded 354 sentences
2026-01-30 15:30:00 | INFO | ./src/core/practice | TRIAL_RESULT | block=practice | condition=switching | predictability=low | cloze_prob=0.43 | meaningful=True | target_word=call | response=1 | status=correct | reaction_time_ms=-10402
2026-01-30 15:30:00 | INFO | ./src/core/saves | Results file updated
2026-01-30 15:30:04 | INFO | ./src/core/practice | TRIAL_RESULT | block=practice | condition=predictable | predictability=high | cloze_prob=0.88 | meaningful=True | target_word=milk | response=1 | status=correct | reaction_time_ms=-14937
2026-01-30 15:30:04 | INFO | ./src/core/saves | Results file updated
2026-01-30 15:30:11 | INFO | ./src/core/practice | TRIAL_RESULT | block=practice | condition=meaningless | predictability=low | cloze_prob=0.35 | meaningful=False | target_word=heal | response=2 | status=incorrect | reaction_time_ms=-21312
2026-01-30 15:30:11 | INFO | ./src/core/saves | Results file updated
2026-01-30 15:30:18 | INFO | ./src/core/practice | TRIAL_RESULT | block=test | condition=predictable | predictability=high | cloze_prob=0.93 | meaningful=True | target_word=sky | response=1 | status=correct | reaction_time_ms=713
2026-01-30 15:30:18 | INFO | ./src/core/saves | Results file updated
2026-01-30 15:30:24 | INFO | ./src/core/practice | TRIAL_RESULT | block=test | condition=switching | predictability=low | cloze_prob=0.41 | meaningful=True | target_word=yacht | response=1 | status=correct | reaction_time_ms=1326
2026-01-30 15:30:24 | INFO | ./src/core/saves | Results file updated
2026-01-30 15:30:29 | INFO | ./src/core/practice | TRIAL_RESULT | block=test | condition=switching | predictability=low | cloze_prob=0.44 | meaningful=True | target_word=fair | response=1 | status=correct | reaction_time_ms=805
2026-01-30 15:30:29 | INFO | ./src/core/saves | Results file updated
2026-01-30 15:30:35 | INFO | ./src/core/practice | TRIAL_RESULT | block=test | condition=switching | predictability=low | cloze_prob=0.45 | meaningful=True | target_word=stadium | response=1 | status=correct | reaction_time_ms=1141
2026-01-30 15:30:35 | INFO | ./src/core/saves | Results file updated
2026-01-30 15:30:40 | INFO | ./src/core/practice | TRIAL_RESULT | block=test | condition=switching | predictability=low | cloze_prob=0.41 | meaningful=True | target_word=trail | response=1 | status=correct | reaction_time_ms=728
2026-01-30 15:30:40 | INFO | ./src/core/saves | Results file updated
2026-01-30 15:30:45 | INFO | ./src/core/practice | TRIAL_RESULT | block=test | condition=meaningless | predictability=low | cloze_prob=0.50 | meaningful=False | target_word=wrong | response=2 | status=incorrect | reaction_time_ms=1611
2026-01-30 15:30:45 | INFO | ./src/core/saves | Results file updated
2026-01-30 15:30:50 | INFO | ./src/core/practice | TRIAL_RESULT | block=test | condition=meaningless | predictability=high | cloze_prob=0.86 | meaningful=False | target_word=cold | response=2 | status=incorrect | reaction_time_ms=999
2026-01-30 15:30:50 | INFO | ./src/core/saves | Results file updated
2026-01-30 15:30:55 | INFO | ./src/core/practice | TRIAL_RESULT | block=test | condition=predictable | predictability=high | cloze_prob=0.96 | meaningful=True | target_word=pipe | response=1 | status=correct | reaction_time_ms=900
2026-01-30 15:30:55 | INFO | ./src/core/saves | Results file updated
2026-01-30 15:31:02 | INFO | ./src/core/practice | TRIAL_RESULT | block=test | condition=switching | predictability=low | cloze_prob=0.40 | meaningful=True | target_word=size | response=1 | status=correct | reaction_time_ms=1202
2026-01-30 15:31:02 | INFO | ./src/core/saves | Results file updated
2026-01-30 15:31:07 | INFO | ./src/core/practice | TRIAL_RESULT | block=test | condition=meaningless | predictability=high | cloze_prob=0.94 | meaningful=False | target_word=bath | response=2 | status=incorrect | reaction_time_ms=932
2026-01-30 15:31:07 | INFO | ./src/core/saves | Results file updated
2026-01-30 15:32:25 | INFO | ./src/ui/pygame_render | [toggle_full_screen] Quitted fullscreen: 1600 x 900
2026-01-30 15:36:30 | INFO | ./src/core/main_window | Participant ID = testfix1 | Dominand Hand = right | Less Affected Hand = right
2026-01-30 15:36:30 | INFO | ./src/core/saves | Results file created at C:\Users\sheep\Desktop\CognAc\cerebellum\semantic_decision\results\testfix1_semantic_decision_results.csv
2026-01-30 15:36:32 | INFO | ./src/core/main_window | Loaded 354 sentences
2026-01-30 15:36:38 | INFO | ./src/core/practice | TRIAL_RESULT | block=practice | condition=meaningless | predictability=low | cloze_prob=0.36 | meaningful=False | target_word=space | response=2 | status=incorrect | reaction_time_ms=2023
2026-01-30 15:36:38 | INFO | ./src/core/saves | Results file updated
2026-01-30 15:36:44 | INFO | ./src/core/practice | TRIAL_RESULT | block=practice | condition=predictable | predictability=high | cloze_prob=0.84 | meaningful=True | target_word=come | response=1 | status=correct | reaction_time_ms=752
2026-01-30 15:36:44 | INFO | ./src/core/saves | Results file updated
2026-01-30 15:36:49 | INFO | ./src/core/practice | TRIAL_RESULT | block=practice | condition=predictable | predictability=high | cloze_prob=0.82 | meaningful=True | target_word=location | response=1 | status=correct | reaction_time_ms=430
2026-01-30 15:36:49 | INFO | ./src/core/saves | Results file updated
2026-01-30 15:36:57 | INFO | ./src/core/practice | TRIAL_RESULT | block=test | condition=switching | predictability=low | cloze_prob=0.38 | meaningful=True | target_word=texture | response=1 | status=correct | reaction_time_ms=850
2026-01-30 15:36:57 | INFO | ./src/core/saves | Results file updated
2026-01-30 15:37:03 | INFO | ./src/core/practice | TRIAL_RESULT | block=test | condition=meaningless | predictability=high | cloze_prob=0.92 | meaningful=False | target_word=tour | response=2 | status=incorrect | reaction_time_ms=1457
2026-01-30 15:37:03 | INFO | ./src/core/saves | Results file updated
2026-01-30 15:37:08 | INFO | ./src/core/practice | TRIAL_RESULT | block=test | condition=predictable | predictability=high | cloze_prob=0.82 | meaningful=True | target_word=burp | response=1 | status=correct | reaction_time_ms=835
2026-01-30 15:37:08 | INFO | ./src/core/saves | Results file updated
2026-01-30 15:37:14 | INFO | ./src/core/practice | TRIAL_RESULT | block=test | condition=predictable | predictability=high | cloze_prob=0.88 | meaningful=True | target_word=formula | response=2 | status=incorrect | reaction_time_ms=1594
2026-01-30 15:37:14 | INFO | ./src/core/saves | Results file updated
2026-01-30 15:37:19 | INFO | ./src/core/practice | TRIAL_RESULT | block=test | condition=predictable | predictability=high | cloze_prob=0.93 | meaningful=True | target_word=shelf | response=1 | status=correct | reaction_time_ms=1227
2026-01-30 15:37:19 | INFO | ./src/core/saves | Results file updated
2026-01-30 15:37:24 | INFO | ./src/core/practice | TRIAL_RESULT | block=test | condition=switching | predictability=low | cloze_prob=0.38 | meaningful=True | target_word=clean | response=1 | status=correct | reaction_time_ms=794
2026-01-30 15:37:24 | INFO | ./src/core/saves | Results file updated
2026-01-30 15:37:30 | INFO | ./src/core/practice | TRIAL_RESULT | block=test | condition=meaningless | predictability=high | cloze_prob=0.96 | meaningful=False | target_word=hold | response=2 | status=incorrect | reaction_time_ms=1193
2026-01-30 15:37:30 | INFO | ./src/core/saves | Results file updated
2026-01-30 15:37:36 | INFO | ./src/core/practice | TRIAL_RESULT | block=test | condition=meaningless | predictability=low | cloze_prob=0.43 | meaningful=False | target_word=shower | response=2 | status=incorrect | reaction_time_ms=938
2026-01-30 15:37:36 | INFO | ./src/core/saves | Results file updated
2026-01-30 15:37:42 | INFO | ./src/core/practice | TRIAL_RESULT | block=test | condition=meaningless | predictability=high | cloze_prob=0.83 | meaningful=False | target_word=stay | response=1 | status=incorrect | reaction_time_ms=1431
2026-01-30 15:37:42 | INFO | ./src/core/saves | Results file updated
2026-01-30 15:37:49 | INFO | ./src/core/practice | TRIAL_RESULT | block=test | condition=predictable | predictability=high | cloze_prob=0.81 | meaningful=True | target_word=lace | response=1 | status=correct | reaction_time_ms=1202
2026-01-30 15:37:49 | INFO | ./src/core/saves | Results file updated
2026-01-30 16:25:05 | INFO | ./src/core/main_window | Participant ID = test20 | Dominand Hand = right | Less Affected Hand = right
2026-01-30 16:25:05 | INFO | ./src/core/saves | Results file created at C:\Users\sheep\Desktop\CognAc\cerebellum\semantic_decision\results\test20_semantic_decision_results.csv
2026-01-30 16:25:08 | INFO | ./src/core/main_window | Loaded 354 sentences
2026-01-30 16:25:14 | INFO | ./src/core/practice | TRIAL_RESULT | block=practice | condition=meaningless | predictability=low | cloze_prob=0.35 | meaningful=False | target_word=heal | response=1 | status=incorrect | reaction_time_ms=861
2026-01-30 16:25:14 | INFO | ./src/core/saves | Results file updated
2026-01-30 16:25:20 | INFO | ./src/core/practice | TRIAL_RESULT | block=practice | condition=meaningless | predictability=low | cloze_prob=0.36 | meaningful=False | target_word=space | response=1 | status=incorrect | reaction_time_ms=636
2026-01-30 16:25:20 | INFO | ./src/core/saves | Results file updated
2026-01-30 16:25:25 | INFO | ./src/core/practice | TRIAL_RESULT | block=practice | condition=predictable | predictability=high | cloze_prob=0.84 | meaningful=True | target_word=come | response=1 | status=correct | reaction_time_ms=635
2026-01-30 16:25:25 | INFO | ./src/core/saves | Results file updated
2026-01-30 16:25:32 | INFO | ./src/core/practice | TRIAL_RESULT | block=test | condition=predictable | predictability=high | cloze_prob=0.89 | meaningful=True | target_word=bridge | response=1 | status=correct | reaction_time_ms=1566
2026-01-30 16:25:32 | INFO | ./src/core/saves | Results file updated
2026-01-30 16:25:38 | INFO | ./src/core/practice | TRIAL_RESULT | block=test | condition=meaningless | predictability=high | cloze_prob=0.81 | meaningful=False | target_word=ball | response=2 | status=incorrect | reaction_time_ms=1703
2026-01-30 16:25:38 | INFO | ./src/core/saves | Results file updated
2026-01-30 16:25:43 | INFO | ./src/core/practice | TRIAL_RESULT | block=test | condition=predictable | predictability=high | cloze_prob=0.82 | meaningful=True | target_word=hear | response=2 | status=incorrect | reaction_time_ms=1818
2026-01-30 16:25:43 | INFO | ./src/core/saves | Results file updated
2026-01-30 16:25:47 | INFO | ./src/core/practice | TRIAL_RESULT | block=test | condition=predictable | predictability=high | cloze_prob=0.97 | meaningful=True | target_word=neck | response=1 | status=correct | reaction_time_ms=955
2026-01-30 16:25:47 | INFO | ./src/core/saves | Results file updated
2026-01-30 16:25:56 | INFO | ./src/core/practice | TRIAL_RESULT | block=test | condition=meaningless | predictability=high | cloze_prob=0.92 | meaningful=False | target_word=tour | response=None | status=timeout | reaction_time_ms=4000
2026-01-30 16:25:56 | INFO | ./src/core/saves | Results file updated
2026-02-04 20:26:17 | INFO | ./src/core/main_window | Participant ID = testint | Dominand Hand = right | Less Affected Hand = right
2026-02-04 20:26:17 | INFO | ./src/core/saves | Results file created at C:\Users\sheep\Desktop\CognAc\cerebellum\semantic_decision\results\testint_semantic_decision_results.csv
2026-02-04 20:27:11 | INFO | ./src/core/main_window | Participant ID = testingagain | Dominand Hand = right | Less Affected Hand = right
2026-02-04 20:27:11 | INFO | ./src/core/saves | Results file created at C:\Users\sheep\Desktop\CognAc\cerebellum\semantic_decision\results\testingagain_semantic_decision_results.csv
2026-02-04 20:27:12 | INFO | ./src/core/main_window | Loaded 354 sentences
2026-02-04 20:37:45 | INFO | ./src/core/main_window | Participant ID = testsfds | Dominand Hand = right | Less Affected Hand = right
2026-02-04 20:37:45 | INFO | ./src/core/saves | Results file created at C:\Users\sheep\Desktop\CognAc\cerebellum\semantic_decision\results\testsfds_semantic_decision_results.csv
2026-02-04 20:37:47 | INFO | ./src/core/main_window | Loaded 354 sentences
2026-02-04 20:37:55 | INFO | ./src/core/practice | TRIAL_RESULT | block=practice | condition=switching | predictability=low | cloze_prob=0.43 | meaningful=True | target_word=CALL | response=1 | status=correct | reaction_time_ms=1839
2026-02-04 20:37:55 | INFO | ./src/core/saves | Results file updated
2026-02-04 20:38:01 | INFO | ./src/core/practice | TRIAL_RESULT | block=practice | condition=predictable | predictability=high | cloze_prob=0.88 | meaningful=True | target_word=MILK | response=1 | status=correct | reaction_time_ms=1391
2026-02-04 20:38:01 | INFO | ./src/core/saves | Results file updated
2026-02-04 20:38:07 | INFO | ./src/core/practice | TRIAL_RESULT | block=practice | condition=switching | predictability=low | cloze_prob=0.34 | meaningful=True | target_word=COUNTER | response=1 | status=correct | reaction_time_ms=735
2026-02-04 20:38:07 | INFO | ./src/core/saves | Results file updated
2026-02-04 20:38:15 | INFO | ./src/core/practice | TRIAL_RESULT | block=test | condition=switching | predictability=low | cloze_prob=0.44 | meaningful=True | target_word=FAIR | response=1 | status=correct | reaction_time_ms=688
2026-02-04 20:38:15 | INFO | ./src/core/saves | Results file updated
2026-02-04 20:38:24 | INFO | ./src/core/practice | TRIAL_RESULT | block=test | condition=meaningless | predictability=low | cloze_prob=0.39 | meaningful=False | target_word=LIPSTICK | response=None | status=timeout | reaction_time_ms=4000
2026-02-04 20:38:24 | INFO | ./src/core/saves | Results file updated
2026-02-04 20:38:30 | INFO | ./src/core/practice | TRIAL_RESULT | block=test | condition=predictable | predictability=high | cloze_prob=0.87 | meaningful=True | target_word=STRATIGIZE | response=1 | status=correct | reaction_time_ms=824
2026-02-04 20:38:30 | INFO | ./src/core/saves | Results file updated
2026-02-04 20:38:35 | INFO | ./src/core/practice | TRIAL_RESULT | block=test | condition=predictable | predictability=high | cloze_prob=0.94 | meaningful=True | target_word=YEAR | response=2 | status=incorrect | reaction_time_ms=88
2026-02-04 20:38:35 | INFO | ./src/core/saves | Results file updated
2026-02-05 18:12:38 | INFO | ./src/core/main_window | Participant ID = test_01 | Dominant Hand = right | Used Hand = None
2026-02-05 18:12:38 | INFO | ./src/core/saves | Results file created at C:\Users\sheep\Desktop\CognAc\cerebellum\semantic_decision\results\test_01_semantic_decision_results.csv
2026-02-05 18:12:38 | ERROR | ./src/ui/pygame_render | [place_image] Image file not found -> C:\Users\sheep\Desktop\CognAc\cerebellum\semantic_decision\resources\instructions\1.png
2026-02-05 18:12:44 | INFO | ./src/ui/pygame_render | [toggle_full_screen] Quitted fullscreen: 1600 x 900
2026-02-05 18:51:16 | INFO | ./src/core/main_window | Participant ID = testp_01 | Dominant Hand = right | Used Hand = right
2026-02-05 18:51:16 | INFO | ./src/core/saves | Results file created at C:\Users\sheep\Desktop\CognAc\cerebellum\semantic_decision\results\testp_01_semantic_decision_results.csv
2026-02-05 18:51:16 | ERROR | ./src/ui/pygame_render | [place_image] Image file not found -> C:\Users\sheep\Desktop\CognAc\cerebellum\semantic_decision\resources\instructions\instructions_v1\1.png
2026-02-05 18:51:20 | INFO | ./src/ui/pygame_render | [toggle_full_screen] Quitted fullscreen: 1600 x 900
2026-02-06 10:43:36 | INFO | ./src/core/main_window | Participant ID = testing01 | Version = 1 | Dominant Hand = right | Used Hand = right
2026-02-06 10:43:36 | INFO | ./src/core/saves | Results file created at C:\Users\sheep\Desktop\CognAc\cerebellum\semantic_decision\results\testing01_semantic_decision_results.csv
2026-02-06 10:43:49 | INFO | ./src/core/main_window | Loaded 354 sentences
2026-02-06 10:43:55 | INFO | ./src/core/practice | TRIAL_RESULT | block=practice | condition=predictable | predictability=high | cloze_prob=0.82 | meaningful=True | target_word=LOCATION | response=right | status=0 | reaction_time_ms=783
2026-02-06 11:29:34 | INFO | ./src/core/main_window | Participant ID = demo_01 | Version = 1 | Mode = demo | Dominant Hand = right | Used Hand = right
2026-02-06 11:29:34 | INFO | ./src/core/saves | Results file created at C:\Users\sheep\Desktop\CognAc\cerebellum\semantic_decision\results\demo_01_semantic_decision_results.csv
2026-02-06 11:29:49 | INFO | ./src/core/main_window | Loaded 354 sentences
2026-02-06 11:29:55 | INFO | ./src/core/practice | TRIAL_RESULT | block=p1 | condition=predictable | predictability=high | cloze_prob=0.87 | meaningful=True | target_word=HOOP | response=k | status=0 | reaction_time_ms=1712
2026-02-06 11:29:55 | INFO | ./src/core/saves | Results file updated
2026-02-06 11:29:55 | ERROR | ./src/ui/pygame_render | [show_feedback] Invalid status: 0
2026-02-06 11:30:02 | INFO | ./src/core/practice | TRIAL_RESULT | block=p1 | condition=predictable | predictability=high | cloze_prob=0.88 | meaningful=True | target_word=MILK | response=k | status=0 | reaction_time_ms=1044
2026-02-06 11:30:02 | INFO | ./src/core/saves | Results file updated
2026-02-06 11:30:02 | ERROR | ./src/ui/pygame_render | [show_feedback] Invalid status: 0
2026-02-06 11:30:11 | INFO | ./src/core/practice | TRIAL_RESULT | block=p1 | condition=switching | predictability=low | cloze_prob=0.43 | meaningful=True | target_word=CALL | response=k | status=0 | reaction_time_ms=1452
2026-02-06 11:30:11 | INFO | ./src/core/saves | Results file updated
2026-02-06 11:30:11 | ERROR | ./src/ui/pygame_render | [show_feedback] Invalid status: 0
2026-02-06 11:30:20 | INFO | ./src/core/practice | TRIAL_RESULT | block=p1 | condition=meaningless | predictability=low | cloze_prob=0.35 | meaningful=False | target_word=HEAL | response=k | status=1 | reaction_time_ms=2239
2026-02-06 11:30:20 | INFO | ./src/core/saves | Results file updated
2026-02-06 11:30:20 | ERROR | ./src/ui/pygame_render | [show_feedback] Invalid status: 1
2026-02-06 11:30:30 | INFO | ./src/ui/pygame_render | [toggle_full_screen] Quitted fullscreen: 1600 x 900
2026-02-06 11:30:31 | INFO | ./src/core/practice | TRIAL_RESULT | block=p1 | condition=predictable | predictability=high | cloze_prob=0.92 | meaningful=True | target_word=SINK | response=None | status=timeout | reaction_time_ms=4000
2026-02-06 11:30:31 | INFO | ./src/core/saves | Results file updated
2026-02-06 11:34:21 | INFO | ./src/core/main_window | Participant ID = demo1_01 | Version = 1 | Mode = actual | Dominant Hand = right | Used Hand = right
2026-02-06 11:34:21 | INFO | ./src/core/saves | Results file created at C:\Users\sheep\Desktop\CognAc\cerebellum\semantic_decision\results\demo1_01_semantic_decision_results.csv
2026-02-06 11:34:35 | INFO | ./src/core/main_window | Loaded 354 sentences
2026-02-06 11:34:39 | INFO | ./src/core/practice | TRIAL_RESULT | block=p1 | condition=predictable | predictability=high | cloze_prob=0.87 | meaningful=True | target_word=HOOP | response=right | status=0 | reaction_time_ms=705
2026-02-06 11:34:39 | INFO | ./src/core/saves | Results file updated
2026-02-06 11:34:39 | ERROR | ./src/ui/pygame_render | [show_feedback] Invalid status: 0
2026-02-06 11:34:47 | INFO | ./src/core/practice | TRIAL_RESULT | block=p1 | condition=predictable | predictability=high | cloze_prob=0.84 | meaningful=True | target_word=COME | response=right | status=0 | reaction_time_ms=1274
2026-02-06 11:34:47 | INFO | ./src/core/saves | Results file updated
2026-02-06 11:34:47 | ERROR | ./src/ui/pygame_render | [show_feedback] Invalid status: 0
2026-02-06 11:34:54 | INFO | ./src/core/practice | TRIAL_RESULT | block=p1 | condition=predictable | predictability=high | cloze_prob=0.82 | meaningful=True | target_word=LOCATION | response=right | status=0 | reaction_time_ms=1095
2026-02-06 11:34:54 | INFO | ./src/core/saves | Results file updated
2026-02-06 11:34:54 | ERROR | ./src/ui/pygame_render | [show_feedback] Invalid status: 0
2026-02-06 11:35:01 | INFO | ./src/core/practice | TRIAL_RESULT | block=p1 | condition=predictable | predictability=high | cloze_prob=0.88 | meaningful=True | target_word=MILK | response=right | status=0 | reaction_time_ms=727
2026-02-06 11:35:01 | INFO | ./src/core/saves | Results file updated
2026-02-06 11:35:01 | ERROR | ./src/ui/pygame_render | [show_feedback] Invalid status: 0
2026-02-06 11:35:09 | INFO | ./src/core/practice | TRIAL_RESULT | block=p1 | condition=meaningless | predictability=low | cloze_prob=0.35 | meaningful=False | target_word=HEAL | response=right | status=1 | reaction_time_ms=1088
2026-02-06 11:35:09 | INFO | ./src/core/saves | Results file updated
2026-02-06 11:35:09 | ERROR | ./src/ui/pygame_render | [show_feedback] Invalid status: 1
2026-02-06 11:35:18 | INFO | ./src/core/practice | TRIAL_RESULT | block=p1 | condition=switching | predictability=low | cloze_prob=0.41 | meaningful=True | target_word=TREAT | response=right | status=0 | reaction_time_ms=1032
2026-02-06 11:35:18 | INFO | ./src/core/saves | Results file updated
2026-02-06 11:35:18 | ERROR | ./src/ui/pygame_render | [show_feedback] Invalid status: 0
2026-02-06 11:35:24 | INFO | ./src/core/practice | TRIAL_RESULT | block=p1 | condition=predictable | predictability=high | cloze_prob=0.92 | meaningful=True | target_word=SINK | response=right | status=0 | reaction_time_ms=600
2026-02-06 11:35:24 | INFO | ./src/core/saves | Results file updated
2026-02-06 11:35:24 | ERROR | ./src/ui/pygame_render | [show_feedback] Invalid status: 0
2026-02-06 11:35:33 | INFO | ./src/core/practice | TRIAL_RESULT | block=p1 | condition=switching | predictability=low | cloze_prob=0.34 | meaningful=True | target_word=COUNTER | response=right | status=0 | reaction_time_ms=1574
2026-02-06 11:35:33 | INFO | ./src/core/saves | Results file updated
2026-02-06 11:35:33 | ERROR | ./src/ui/pygame_render | [show_feedback] Invalid status: 0
2026-02-06 11:35:41 | INFO | ./src/core/practice | TRIAL_RESULT | block=p1 | condition=switching | predictability=low | cloze_prob=0.43 | meaningful=True | target_word=CALL | response=right | status=0 | reaction_time_ms=346
2026-02-06 11:35:41 | INFO | ./src/core/saves | Results file updated
2026-02-06 11:35:41 | ERROR | ./src/ui/pygame_render | [show_feedback] Invalid status: 0
2026-02-06 11:35:52 | INFO | ./src/core/practice | TRIAL_RESULT | block=p1 | condition=meaningless | predictability=low | cloze_prob=0.36 | meaningful=False | target_word=SPACE | response=None | status=timeout | reaction_time_ms=4000
2026-02-06 11:35:52 | INFO | ./src/core/saves | Results file updated
2026-02-06 11:36:03 | INFO | ./src/ui/pygame_render | [toggle_full_screen] Quitted fullscreen: 1600 x 900
2026-02-06 11:52:05 | INFO | ./src/ui/pygame_render | [toggle_full_screen] Quitted fullscreen: 1600 x 900
2026-02-06 12:00:19 | INFO | ./src/core/main_window | Participant ID = demo3_01 | Version = 1 | Mode = demo | Dominant Hand = right | Used Hand = right
2026-02-06 12:00:19 | INFO | ./src/core/saves | Results file created at C:\Users\sheep\Desktop\CognAc\cerebellum\semantic_decision\results\demo3_01_semantic_decision_results.csv
2026-02-06 12:00:23 | INFO | ./src/core/main_window | Loaded 354 sentences
2026-02-06 12:00:29 | INFO | ./src/core/practice | TRIAL_RESULT | block=p1 | condition=meaningless | predictability=low | cloze_prob=0.35 | meaningful=False | target_word=HEAL | response=k | status=1 | reaction_time_ms=579
2026-02-06 12:00:29 | INFO | ./src/core/saves | Results file updated
2026-02-06 12:00:35 | INFO | ./src/core/practice | TRIAL_RESULT | block=p1 | condition=predictable | predictability=high | cloze_prob=0.88 | meaningful=True | target_word=MILK | response=k | status=0 | reaction_time_ms=369
2026-02-06 12:00:35 | INFO | ./src/core/saves | Results file updated
2026-02-06 12:00:43 | INFO | ./src/core/practice | TRIAL_RESULT | block=p1 | condition=switching | predictability=low | cloze_prob=0.41 | meaningful=True | target_word=TREAT | response=k | status=0 | reaction_time_ms=660
2026-02-06 12:00:43 | INFO | ./src/core/saves | Results file updated
2026-02-06 12:00:50 | INFO | ./src/core/practice | TRIAL_RESULT | block=p1 | condition=predictable | predictability=high | cloze_prob=0.84 | meaningful=True | target_word=COME | response=k | status=0 | reaction_time_ms=723
2026-02-06 12:00:50 | INFO | ./src/core/saves | Results file updated
2026-02-06 12:00:58 | INFO | ./src/core/practice | TRIAL_RESULT | block=p1 | condition=meaningless | predictability=low | cloze_prob=0.36 | meaningful=False | target_word=SPACE | response=k | status=1 | reaction_time_ms=1030
2026-02-06 12:00:58 | INFO | ./src/core/saves | Results file updated
2026-02-06 12:01:06 | INFO | ./src/core/practice | TRIAL_RESULT | block=p1 | condition=switching | predictability=low | cloze_prob=0.43 | meaningful=True | target_word=CALL | response=k | status=0 | reaction_time_ms=389
2026-02-06 12:01:06 | INFO | ./src/core/saves | Results file updated
2026-02-06 12:01:14 | INFO | ./src/core/practice | TRIAL_RESULT | block=p1 | condition=predictable | predictability=high | cloze_prob=0.82 | meaningful=True | target_word=LOCATION | response=k | status=0 | reaction_time_ms=740
2026-02-06 12:01:14 | INFO | ./src/core/saves | Results file updated
2026-02-06 12:01:21 | INFO | ./src/core/practice | TRIAL_RESULT | block=p1 | condition=switching | predictability=low | cloze_prob=0.34 | meaningful=True | target_word=COUNTER | response=k | status=0 | reaction_time_ms=34
2026-02-06 12:01:21 | INFO | ./src/core/saves | Results file updated
2026-02-06 12:01:30 | INFO | ./src/core/practice | TRIAL_RESULT | block=p1 | condition=predictable | predictability=high | cloze_prob=0.87 | meaningful=True | target_word=HOOP | response=k | status=0 | reaction_time_ms=2891
2026-02-06 12:01:30 | INFO | ./src/core/saves | Results file updated
2026-02-06 12:01:38 | INFO | ./src/core/practice | TRIAL_RESULT | block=p1 | condition=predictable | predictability=high | cloze_prob=0.92 | meaningful=True | target_word=SINK | response=k | status=0 | reaction_time_ms=2390
2026-02-06 12:01:38 | INFO | ./src/core/saves | Results file updated
2026-02-06 12:01:44 | INFO | ./src/ui/pygame_render | [toggle_full_screen] Quitted fullscreen: 1600 x 900
2026-02-06 12:06:51 | INFO | ./src/core/main_window | Participant ID = demo001 | Version = 1 | Mode = demo | Dominant Hand = right | Used Hand = right
2026-02-06 12:06:51 | INFO | ./src/core/saves | Results file created at C:\Users\sheep\Desktop\CognAc\cerebellum\semantic_decision\results\demo001_semantic_decision_results.csv
2026-02-06 12:06:54 | INFO | ./src/core/main_window | Loaded 354 sentences
2026-02-06 12:06:58 | INFO | ./src/core/practice | TRIAL_RESULT | block=p1 | condition=predictable | predictability=high | cloze_prob=0.92 | meaningful=True | target_word=SINK | response=d | status=1 | reaction_time_ms=0
2026-02-06 12:06:58 | INFO | ./src/core/saves | Results file updated
2026-02-06 12:07:04 | INFO | ./src/core/practice | TRIAL_RESULT | block=p1 | condition=predictable | predictability=high | cloze_prob=0.88 | meaningful=True | target_word=MILK | response=d | status=1 | reaction_time_ms=0
2026-02-06 12:07:04 | INFO | ./src/core/saves | Results file updated
2026-02-06 12:07:10 | INFO | ./src/core/practice | TRIAL_RESULT | block=p1 | condition=meaningless | predictability=low | cloze_prob=0.36 | meaningful=False | target_word=SPACE | response=d | status=0 | reaction_time_ms=0
2026-02-06 12:07:10 | INFO | ./src/core/saves | Results file updated
2026-02-06 12:07:18 | INFO | ./src/core/practice | TRIAL_RESULT | block=p1 | condition=switching | predictability=low | cloze_prob=0.41 | meaningful=True | target_word=TREAT | response=d | status=1 | reaction_time_ms=0
2026-02-06 12:07:18 | INFO | ./src/core/saves | Results file updated
2026-02-06 12:07:25 | INFO | ./src/core/practice | TRIAL_RESULT | block=p1 | condition=switching | predictability=low | cloze_prob=0.34 | meaningful=True | target_word=COUNTER | response=d | status=1 | reaction_time_ms=0
2026-02-06 12:07:25 | INFO | ./src/core/saves | Results file updated
2026-02-06 12:07:34 | INFO | ./src/core/practice | TRIAL_RESULT | block=p1 | condition=meaningless | predictability=low | cloze_prob=0.35 | meaningful=False | target_word=HEAL | response=d | status=0 | reaction_time_ms=0
2026-02-06 12:07:34 | INFO | ./src/core/saves | Results file updated
2026-02-06 12:07:43 | INFO | ./src/core/practice | TRIAL_RESULT | block=p1 | condition=predictable | predictability=high | cloze_prob=0.87 | meaningful=True | target_word=HOOP | response=d | status=1 | reaction_time_ms=0
2026-02-06 12:07:43 | INFO | ./src/core/saves | Results file updated
2026-02-06 12:07:52 | INFO | ./src/core/practice | TRIAL_RESULT | block=p1 | condition=predictable | predictability=high | cloze_prob=0.82 | meaningful=True | target_word=LOCATION | response=d | status=1 | reaction_time_ms=0
2026-02-06 12:07:52 | INFO | ./src/core/saves | Results file updated
2026-02-06 12:08:01 | INFO | ./src/core/practice | TRIAL_RESULT | block=p1 | condition=switching | predictability=low | cloze_prob=0.43 | meaningful=True | target_word=CALL | response=d | status=1 | reaction_time_ms=0
2026-02-06 12:08:01 | INFO | ./src/core/saves | Results file updated
2026-02-06 12:08:07 | INFO | ./src/core/practice | TRIAL_RESULT | block=p1 | condition=predictable | predictability=high | cloze_prob=0.84 | meaningful=True | target_word=COME | response=d | status=1 | reaction_time_ms=0
2026-02-06 12:24:28 | INFO | ./src/ui/pygame_render | [toggle_full_screen] Quitted fullscreen: 1600 x 900
2026-02-06 12:26:25 | INFO | ./src/core/main_window | Participant ID = demo501 | Version = 1 | Mode = demo | Dominant Hand = right | Used Hand = right
2026-02-06 12:26:25 | INFO | ./src/core/saves | Results file created at C:\Users\sheep\Desktop\CognAc\cerebellum\semantic_decision\results\demo501_semantic_decision_results.csv
2026-02-06 12:26:29 | INFO | ./src/core/main_window | Loaded 354 sentences
2026-02-06 12:26:35 | INFO | ./src/core/practice | TRIAL_RESULT | block=p1 | condition=switching | predictability=low | cloze_prob=0.43 | meaningful=True | target_word=CALL | response=k | status=0 | reaction_time_ms=0
2026-02-06 12:27:46 | INFO | ./src/core/main_window | Participant ID = demo601 | Version = 1 | Mode = demo | Dominant Hand = right | Used Hand = right
2026-02-06 12:27:46 | INFO | ./src/core/saves | Results file created at C:\Users\sheep\Desktop\CognAc\cerebellum\semantic_decision\results\demo601_semantic_decision_results.csv
2026-02-06 12:27:49 | INFO | ./src/core/main_window | Loaded 354 sentences
2026-02-06 12:27:54 | INFO | ./src/core/practice | TRIAL_RESULT | block=p1 | condition=switching | predictability=low | cloze_prob=0.41 | meaningful=True | target_word=TREAT | response=k | status=0 | reaction_time_ms=0
2026-02-06 12:27:54 | INFO | ./src/core/saves | Results file updated
2026-02-06 12:28:00 | INFO | ./src/core/practice | TRIAL_RESULT | block=p1 | condition=predictable | predictability=high | cloze_prob=0.88 | meaningful=True | target_word=MILK | response=k | status=0 | reaction_time_ms=0
2026-02-06 12:28:00 | INFO | ./src/core/saves | Results file updated
2026-02-06 12:28:08 | INFO | ./src/core/practice | TRIAL_RESULT | block=p1 | condition=predictable | predictability=high | cloze_prob=0.82 | meaningful=True | target_word=LOCATION | response=k | status=0 | reaction_time_ms=0
2026-02-06 12:28:08 | INFO | ./src/core/saves | Results file updated
2026-02-06 12:28:14 | INFO | ./src/core/practice | TRIAL_RESULT | block=p1 | condition=predictable | predictability=high | cloze_prob=0.87 | meaningful=True | target_word=HOOP | response=k | status=0 | reaction_time_ms=0
2026-02-06 12:28:14 | INFO | ./src/core/saves | Results file updated
2026-02-06 12:28:21 | INFO | ./src/core/practice | TRIAL_RESULT | block=p1 | condition=switching | predictability=low | cloze_prob=0.34 | meaningful=True | target_word=COUNTER | response=k | status=0 | reaction_time_ms=0
2026-02-06 12:28:21 | INFO | ./src/core/saves | Results file updated
2026-02-06 12:28:29 | INFO | ./src/core/practice | TRIAL_RESULT | block=p1 | condition=switching | predictability=low | cloze_prob=0.43 | meaningful=True | target_word=CALL | response=k | status=0 | reaction_time_ms=0
2026-02-06 12:28:29 | INFO | ./src/core/saves | Results file updated
2026-02-06 12:28:37 | INFO | ./src/core/practice | TRIAL_RESULT | block=p1 | condition=meaningless | predictability=low | cloze_prob=0.35 | meaningful=False | target_word=HEAL | response=k | status=1 | reaction_time_ms=0
2026-02-06 12:28:37 | INFO | ./src/core/saves | Results file updated
2026-02-06 12:28:43 | INFO | ./src/core/practice | TRIAL_RESULT | block=p1 | condition=meaningless | predictability=low | cloze_prob=0.36 | meaningful=False | target_word=SPACE | response=k | status=1 | reaction_time_ms=0
2026-02-06 12:28:43 | INFO | ./src/core/saves | Results file updated
2026-02-06 12:28:53 | INFO | ./src/core/practice | TRIAL_RESULT | block=p1 | condition=predictable | predictability=high | cloze_prob=0.92 | meaningful=True | target_word=SINK | response=k | status=0 | reaction_time_ms=0
2026-02-06 12:28:53 | INFO | ./src/core/saves | Results file updated
2026-02-06 12:29:00 | INFO | ./src/core/practice | TRIAL_RESULT | block=p1 | condition=predictable | predictability=high | cloze_prob=0.84 | meaningful=True | target_word=COME | response=k | status=0 | reaction_time_ms=0
2026-02-06 12:29:00 | INFO | ./src/core/saves | Results file updated
2026-02-06 12:37:41 | INFO | ./src/core/main_window | Participant ID = demo701 | Version = 1 | Mode = demo | Dominant Hand = right | Used Hand = right
2026-02-06 12:37:41 | INFO | ./src/core/saves | Results file created at C:\Users\sheep\Desktop\CognAc\cerebellum\semantic_decision\results\demo701_semantic_decision_results.csv
2026-02-06 12:37:45 | INFO | ./src/core/main_window | Loaded 354 sentences
2026-02-06 12:37:49 | INFO | ./src/core/practice | TRIAL_RESULT | block=p1 | condition=predictable | predictability=high | cloze_prob=0.87 | meaningful=True | target_word=HOOP | response=k | status=0 | reaction_time_ms=0
2026-02-06 12:37:49 | INFO | ./src/core/saves | Results file updated
2026-02-06 12:37:57 | INFO | ./src/core/practice | TRIAL_RESULT | block=p1 | condition=predictable | predictability=high | cloze_prob=0.92 | meaningful=True | target_word=SINK | response=k | status=0 | reaction_time_ms=0
2026-02-06 12:37:57 | INFO | ./src/core/saves | Results file updated
2026-02-06 12:38:02 | INFO | ./src/core/practice | TRIAL_RESULT | block=p1 | condition=predictable | predictability=high | cloze_prob=0.88 | meaningful=True | target_word=MILK | response=k | status=0 | reaction_time_ms=0
2026-02-06 12:38:02 | INFO | ./src/core/saves | Results file updated
2026-02-06 12:38:13 | INFO | ./src/core/practice | TRIAL_RESULT | block=p1 | condition=meaningless | predictability=low | cloze_prob=0.36 | meaningful=False | target_word=SPACE | response=k | status=1 | reaction_time_ms=0
2026-02-06 12:38:13 | INFO | ./src/core/saves | Results file updated
2026-02-06 12:38:23 | INFO | ./src/core/practice | TRIAL_RESULT | block=p1 | condition=predictable | predictability=high | cloze_prob=0.82 | meaningful=True | target_word=LOCATION | response=k | status=0 | reaction_time_ms=0
2026-02-06 12:38:23 | INFO | ./src/core/saves | Results file updated
2026-02-06 12:38:31 | INFO | ./src/core/practice | TRIAL_RESULT | block=p1 | condition=switching | predictability=low | cloze_prob=0.41 | meaningful=True | target_word=TREAT | response=k | status=0 | reaction_time_ms=0
2026-02-06 12:38:31 | INFO | ./src/core/saves | Results file updated
2026-02-06 12:38:38 | INFO | ./src/core/practice | TRIAL_RESULT | block=p1 | condition=switching | predictability=low | cloze_prob=0.34 | meaningful=True | target_word=COUNTER | response=k | status=0 | reaction_time_ms=0
2026-02-06 12:38:38 | INFO | ./src/core/saves | Results file updated
2026-02-06 12:38:44 | INFO | ./src/core/practice | TRIAL_RESULT | block=p1 | condition=predictable | predictability=high | cloze_prob=0.84 | meaningful=True | target_word=COME | response=k | status=0 | reaction_time_ms=0
2026-02-06 12:38:45 | INFO | ./src/core/saves | Results file updated
2026-02-06 12:38:52 | INFO | ./src/core/practice | TRIAL_RESULT | block=p1 | condition=switching | predictability=low | cloze_prob=0.43 | meaningful=True | target_word=CALL | response=k | status=0 | reaction_time_ms=0
2026-02-06 12:38:52 | INFO | ./src/core/saves | Results file updated
2026-02-06 12:39:00 | INFO | ./src/core/practice | TRIAL_RESULT | block=p1 | condition=meaningless | predictability=low | cloze_prob=0.35 | meaningful=False | target_word=HEAL | response=k | status=1 | reaction_time_ms=0
2026-02-06 12:39:00 | INFO | ./src/core/saves | Results file updated
2026-02-06 12:42:29 | INFO | ./src/core/main_window | Participant ID = demo801 | Version = 1 | Mode = demo | Dominant Hand = right | Used Hand = right
2026-02-06 12:42:29 | INFO | ./src/core/saves | Results file created at C:\Users\sheep\Desktop\CognAc\cerebellum\semantic_decision\results\demo801_semantic_decision_results.csv
2026-02-06 12:42:32 | INFO | ./src/core/main_window | Loaded 354 sentences
2026-02-06 12:42:37 | INFO | ./src/core/practice | TRIAL_RESULT | block=p1 | condition=predictable | predictability=high | cloze_prob=0.92 | meaningful=True | target_word=SINK | response=d | status=1 | reaction_time_ms=986
2026-02-06 12:42:37 | INFO | ./src/core/saves | Results file updated
2026-02-06 12:42:45 | INFO | ./src/core/practice | TRIAL_RESULT | block=p1 | condition=predictable | predictability=high | cloze_prob=0.82 | meaningful=True | target_word=LOCATION | response=k | status=0 | reaction_time_ms=696
2026-02-06 12:42:45 | INFO | ./src/core/saves | Results file updated
2026-02-06 12:42:53 | INFO | ./src/core/practice | TRIAL_RESULT | block=p1 | condition=meaningless | predictability=low | cloze_prob=0.35 | meaningful=False | target_word=HEAL | response=d | status=0 | reaction_time_ms=584
2026-02-06 12:42:53 | INFO | ./src/core/saves | Results file updated
2026-02-06 12:43:01 | INFO | ./src/core/practice | TRIAL_RESULT | block=p1 | condition=switching | predictability=low | cloze_prob=0.43 | meaningful=True | target_word=CALL | response=d | status=1 | reaction_time_ms=135
2026-02-06 12:43:01 | INFO | ./src/core/saves | Results file updated
2026-02-06 12:43:10 | INFO | ./src/ui/pygame_render | [toggle_full_screen] Quitted fullscreen: 1600 x 900
2026-02-06 12:43:11 | INFO | ./src/core/practice | TRIAL_RESULT | block=p1 | condition=meaningless | predictability=low | cloze_prob=0.36 | meaningful=False | target_word=SPACE | response=None | status=timeout | reaction_time_ms=4000
2026-02-06 12:43:12 | INFO | ./src/core/saves | Results file updated
2026-02-06 12:54:09 | INFO | ./src/core/main_window | Participant ID = demo901 | Version = 1 | Mode = demo | Dominant Hand = right | Used Hand = right
2026-02-06 12:54:09 | INFO | ./src/core/saves | Results file created at C:\Users\sheep\Desktop\CognAc\cerebellum\semantic_decision\results\demo901_semantic_decision_results.csv
2026-02-06 12:54:12 | INFO | ./src/core/main_window | Loaded 354 sentences
2026-02-06 12:54:18 | INFO | ./src/core/practice | TRIAL_RESULT | block=p1 | condition=meaningless | predictability=low | cloze_prob=0.36 | meaningful=False | target_word=SPACE | response=k | status=1 | reaction_time_ms=1073
2026-02-06 12:54:18 | INFO | ./src/core/saves | Results file updated
2026-02-06 12:54:26 | INFO | ./src/core/practice | TRIAL_RESULT | block=p1 | condition=switching | predictability=low | cloze_prob=0.34 | meaningful=True | target_word=COUNTER | response=d | status=1 | reaction_time_ms=497
2026-02-06 12:54:26 | INFO | ./src/core/saves | Results file updated
2026-02-06 12:54:33 | INFO | ./src/core/practice | TRIAL_RESULT | block=p1 | condition=predictable | predictability=high | cloze_prob=0.92 | meaningful=True | target_word=SINK | response=d | status=1 | reaction_time_ms=1006
2026-02-06 12:54:33 | INFO | ./src/core/saves | Results file updated
2026-02-06 12:54:41 | INFO | ./src/core/practice | TRIAL_RESULT | block=p1 | condition=predictable | predictability=high | cloze_prob=0.82 | meaningful=True | target_word=LOCATION | response=d | status=1 | reaction_time_ms=896
2026-02-06 12:54:41 | INFO | ./src/core/saves | Results file updated
2026-02-06 12:54:48 | INFO | ./src/core/practice | TRIAL_RESULT | block=p1 | condition=predictable | predictability=high | cloze_prob=0.88 | meaningful=True | target_word=MILK | response=d | status=1 | reaction_time_ms=1327
2026-02-06 12:54:48 | INFO | ./src/core/saves | Results file updated
2026-02-06 12:54:56 | INFO | ./src/core/practice | TRIAL_RESULT | block=p1 | condition=switching | predictability=low | cloze_prob=0.41 | meaningful=True | target_word=TREAT | response=d | status=1 | reaction_time_ms=630
2026-02-06 12:54:56 | INFO | ./src/core/saves | Results file updated
2026-02-06 12:55:02 | INFO | ./src/core/practice | TRIAL_RESULT | block=p1 | condition=predictable | predictability=high | cloze_prob=0.87 | meaningful=True | target_word=HOOP | response=d | status=1 | reaction_time_ms=963
2026-02-06 12:55:02 | INFO | ./src/core/saves | Results file updated
2026-02-06 12:55:11 | INFO | ./src/core/practice | TRIAL_RESULT | block=p1 | condition=meaningless | predictability=low | cloze_prob=0.35 | meaningful=False | target_word=HEAL | response=d | status=0 | reaction_time_ms=902
2026-02-06 12:55:11 | INFO | ./src/core/saves | Results file updated
2026-02-06 12:55:19 | INFO | ./src/core/practice | TRIAL_RESULT | block=p1 | condition=switching | predictability=low | cloze_prob=0.43 | meaningful=True | target_word=CALL | response=d | status=1 | reaction_time_ms=277
2026-02-06 12:55:19 | INFO | ./src/core/saves | Results file updated
2026-02-06 12:55:26 | INFO | ./src/core/practice | TRIAL_RESULT | block=p1 | condition=predictable | predictability=high | cloze_prob=0.84 | meaningful=True | target_word=COME | response=d | status=1 | reaction_time_ms=733
2026-02-06 12:55:26 | INFO | ./src/core/saves | Results file updated
2026-02-06 12:59:01 | INFO | ./src/core/main_window | Participant ID = demo1001 | Version = 1 | Mode = demo | Dominant Hand = right | Used Hand = right
2026-02-06 12:59:01 | INFO | ./src/core/saves | Results file created at C:\Users\sheep\Desktop\CognAc\cerebellum\semantic_decision\results\demo1001_semantic_decision_results.csv
2026-02-06 12:59:06 | INFO | ./src/core/main_window | Loaded 354 sentences
2026-02-06 12:59:11 | INFO | ./src/core/practice | TRIAL_RESULT | block=p1 | condition=predictable | predictability=high | cloze_prob=0.82 | meaningful=True | target_word=LOCATION | response=d | status=1 | reaction_time_ms=529
2026-02-06 12:59:11 | INFO | ./src/core/saves | Results file updated
2026-02-06 12:59:16 | INFO | ./src/core/practice | TRIAL_RESULT | block=p1 | condition=predictable | predictability=high | cloze_prob=0.88 | meaningful=True | target_word=MILK | response=d | status=1 | reaction_time_ms=556
2026-02-06 12:59:16 | INFO | ./src/core/saves | Results file updated
2026-02-06 12:59:21 | INFO | ./src/core/practice | TRIAL_RESULT | block=p1 | condition=predictable | predictability=high | cloze_prob=0.92 | meaningful=True | target_word=SINK | response=d | status=1 | reaction_time_ms=513
2026-02-06 12:59:21 | INFO | ./src/core/saves | Results file updated
2026-02-06 12:59:30 | INFO | ./src/core/test | TRIAL_RESULT | block=b1 | condition=switching | predictability=low | cloze_prob=0.43 | meaningful=True | target_word=CAGE | response=d | status=1 | reaction_time_ms=428
2026-02-06 12:59:30 | INFO | ./src/core/saves | Results file updated
2026-02-06 12:59:36 | INFO | ./src/core/test | TRIAL_RESULT | block=b1 | condition=predictable | predictability=high | cloze_prob=0.89 | meaningful=True | target_word=PRICE | response=k | status=0 | reaction_time_ms=108
2026-02-06 12:59:36 | INFO | ./src/core/saves | Results file updated
2026-02-06 12:59:41 | INFO | ./src/core/test | TRIAL_RESULT | block=b1 | condition=switching | predictability=low | cloze_prob=0.44 | meaningful=True | target_word=PUSH | response=k | status=0 | reaction_time_ms=88
2026-02-06 12:59:41 | INFO | ./src/core/saves | Results file updated
2026-02-06 12:59:47 | INFO | ./src/ui/pygame_render | [toggle_full_screen] Quitted fullscreen: 1600 x 900
2026-02-06 13:01:47 | INFO | ./src/core/main_window | Participant ID = actual0101 | Version = 1 | Mode = actual | Dominant Hand = right | Used Hand = right
2026-02-06 13:01:47 | INFO | ./src/core/saves | Results file created at C:\Users\sheep\Desktop\CognAc\cerebellum\semantic_decision\results\actual0101_semantic_decision_results.csv
2026-02-06 13:01:51 | INFO | ./src/core/main_window | Loaded 354 sentences
2026-02-06 13:01:58 | INFO | ./src/core/practice | TRIAL_RESULT | block=p1 | condition=meaningless | predictability=low | cloze_prob=0.35 | meaningful=False | target_word=HEAL | response=d | status=0 | reaction_time_ms=884
2026-02-06 13:01:58 | INFO | ./src/core/saves | Results file updated
2026-02-06 13:02:02 | INFO | ./src/core/practice | TRIAL_RESULT | block=p1 | condition=predictable | predictability=high | cloze_prob=0.88 | meaningful=True | target_word=MILK | response=d | status=1 | reaction_time_ms=471
2026-02-06 13:02:02 | INFO | ./src/core/saves | Results file updated
2026-02-06 13:02:07 | INFO | ./src/core/practice | TRIAL_RESULT | block=p1 | condition=predictable | predictability=high | cloze_prob=0.87 | meaningful=True | target_word=HOOP | response=d | status=1 | reaction_time_ms=656
2026-02-06 13:02:07 | INFO | ./src/core/saves | Results file updated
2026-02-06 13:02:11 | INFO | ./src/ui/pygame_render | [toggle_full_screen] Quitted fullscreen: 1600 x 900
2026-02-06 13:06:36 | INFO | ./src/core/main_window | Participant ID = actual201 | Version = 1 | Mode = actual | Dominant Hand = right | Used Hand = right
2026-02-06 13:06:36 | INFO | ./src/core/saves | Results file created at C:\Users\sheep\Desktop\CognAc\cerebellum\semantic_decision\results\actual201_semantic_decision_results.csv
2026-02-06 13:06:39 | INFO | ./src/core/main_window | Loaded 354 sentences
2026-02-06 13:06:44 | INFO | ./src/core/practice | TRIAL_RESULT | block=p1 | condition=predictable | predictability=high | cloze_prob=0.82 | meaningful=True | target_word=LOCATION | response=d | status=1 | reaction_time_ms=500
2026-02-06 13:06:44 | INFO | ./src/core/saves | Results file updated
2026-02-06 13:06:56 | INFO | ./src/core/test | TRIAL_RESULT | block=b1 | condition=switching | predictability=low | cloze_prob=0.41 | meaningful=True | target_word=TREAT | response=d | status=1 | reaction_time_ms=804
2026-02-06 13:06:56 | INFO | ./src/core/saves | Results file updated
2026-02-06 13:07:01 | INFO | ./src/core/test | TRIAL_RESULT | block=b1 | condition=switching | predictability=low | cloze_prob=0.34 | meaningful=True | target_word=WATER | response=d | status=1 | reaction_time_ms=422
2026-02-06 13:07:01 | INFO | ./src/core/saves | Results file updated
2026-02-06 13:07:13 | INFO | ./src/core/test | TRIAL_RESULT | block=b2 | condition=switching | predictability=low | cloze_prob=0.36 | meaningful=True | target_word=DISAPPROVE | response=d | status=1 | reaction_time_ms=2142
2026-02-06 13:07:13 | INFO | ./src/core/saves | Results file updated
2026-02-06 13:07:20 | INFO | ./src/core/test | TRIAL_RESULT | block=b2 | condition=meaningless | predictability=high | cloze_prob=0.85 | meaningful=False | target_word=ANGER | response=k | status=1 | reaction_time_ms=1089
2026-02-06 13:07:20 | INFO | ./src/core/saves | Results file updated
2026-02-06 13:07:29 | INFO | ./src/core/test | TRIAL_RESULT | block=b3 | condition=predictable | predictability=high | cloze_prob=0.85 | meaningful=True | target_word=ROOM | response=d | status=1 | reaction_time_ms=595
2026-02-06 13:07:29 | INFO | ./src/core/saves | Results file updated
2026-02-06 13:07:35 | INFO | ./src/core/test | TRIAL_RESULT | block=b3 | condition=meaningless | predictability=high | cloze_prob=0.90 | meaningful=False | target_word=DIE | response=k | status=1 | reaction_time_ms=867
2026-02-06 13:07:35 | INFO | ./src/core/saves | Results file updated
2026-02-06 16:28:22 | INFO | ./src/core/main_window | Participant ID = demo1r542301 | Version = 1 | Mode = demo | Dominant Hand = right | Used Hand = right
2026-02-06 16:28:22 | INFO | ./src/core/saves | Results file created at C:\Users\sheep\Desktop\CognAc\cerebellum\semantic_decision\results\demo1r542301_semantic_decision_results.csv
2026-02-06 16:28:37 | INFO | ./src/core/main_window | Loaded 354 sentences
2026-02-06 16:28:46 | INFO | ./src/core/practice | TRIAL_RESULT | block=p1 | condition=meaningless | predictability=low | cloze_prob=0.36 | meaningful=False | target_word=SPACE | response=None | status=timeout | reaction_time_ms=4000
2026-02-06 16:28:46 | INFO | ./src/core/saves | Results file updated
2026-02-06 16:28:56 | INFO | ./src/core/practice | TRIAL_RESULT | block=p1 | condition=switching | predictability=low | cloze_prob=0.43 | meaningful=True | target_word=CALL | response=None | status=timeout | reaction_time_ms=4000
2026-02-06 16:28:56 | INFO | ./src/core/saves | Results file updated
2026-02-06 16:29:02 | INFO | ./src/core/practice | TRIAL_RESULT | block=p1 | condition=predictable | predictability=high | cloze_prob=0.87 | meaningful=True | target_word=HOOP | response=d | status=1 | reaction_time_ms=1690
2026-02-06 16:29:02 | INFO | ./src/core/saves | Results file updated
2026-02-06 16:29:05 | INFO | ./src/ui/pygame_render | [toggle_full_screen] Quitted fullscreen: 1600 x 900
2026-02-06 18:24:28 | INFO | ./src/core/main_window | Participant ID = demo9901 | Version = 1 | Mode = demo | Dominant Hand = right | Used Hand = right
2026-02-06 18:24:28 | INFO | ./src/core/saves | Results file created at C:\Users\sheep\Desktop\CognAc\cerebellum\semantic_decision\results\demo9901_semantic_decision_results.csv
2026-02-06 18:24:35 | INFO | ./src/core/main_window | Loaded 354 sentences
2026-02-06 18:24:41 | INFO | ./src/core/practice | TRIAL_RESULT | block=p1 | condition=meaningless | predictability=low | cloze_prob=0.35 | meaningful=False | target_word=HEAL | response=d | status=0 | reaction_time_ms=673
2026-02-06 18:24:41 | INFO | ./src/core/saves | Results file created at C:\Users\sheep\Desktop\CognAc\cerebellum\semantic_decision\results\demo9901_semantic_decision_results.csv
2026-02-06 18:25:51 | INFO | ./src/core/main_window | Participant ID = demo8801 | Version = 1 | Mode = demo | Dominant Hand = right | Used Hand = right
2026-02-06 18:25:51 | INFO | ./src/core/saves | Results file created at C:\Users\sheep\Desktop\CognAc\cerebellum\semantic_decision\results\demo8801_SD_results.csv
2026-02-06 18:25:55 | INFO | ./src/core/main_window | Loaded 354 sentences
2026-02-06 18:26:03 | INFO | ./src/core/practice | TRIAL_RESULT | block=p1 | condition=predictable | predictability=high | cloze_prob=0.87 | meaningful=True | target_word=HOOP | response=None | status=timeout | reaction_time_ms=4000
2026-02-06 18:26:03 | INFO | ./src/core/saves | Results file updated
2026-02-06 18:26:10 | INFO | ./src/core/practice | TRIAL_RESULT | block=p1 | condition=switching | predictability=low | cloze_prob=0.34 | meaningful=True | target_word=COUNTER | response=d | status=1 | reaction_time_ms=761
2026-02-06 18:26:10 | INFO | ./src/core/saves | Results file updated
2026-02-06 18:26:15 | INFO | ./src/core/practice | TRIAL_RESULT | block=p1 | condition=predictable | predictability=high | cloze_prob=0.84 | meaningful=True | target_word=COME | response=k | status=0 | reaction_time_ms=119
2026-02-06 18:26:15 | INFO | ./src/core/saves | Results file updated
2026-02-06 18:26:25 | INFO | ./src/ui/pygame_render | [toggle_full_screen] Quitted fullscreen: 1600 x 900
2026-02-06 18:26:25 | INFO | ./src/core/test | TRIAL_RESULT | block=b1 | condition=switching | predictability=low | cloze_prob=0.44 | meaningful=True | target_word=FACE | response=None | status=timeout | reaction_time_ms=4000
2026-02-06 18:26:25 | INFO | ./src/core/saves | Results file updated
2026-02-13 02:39:27 | INFO | ./src/core/main_window | Participant ID = testing | Version = 2 | Mode = actual | Dominant Hand = right | Used Hand = right
2026-02-13 02:39:27 | INFO | ./src/core/saves | Results file created at C:\Users\sheep\Desktop\CognAc\cerebellum\semantic_decision\results\testing_SD_results.csv
2026-02-13 02:49:28 | INFO | ./src/core/main_window | Participant ID = test01 | Version = 1 | Mode = actual | Dominant Hand = right | Used Hand = right
2026-02-13 02:49:28 | INFO | ./src/core/saves | Results file created at C:\Users\sheep\Desktop\CognAc\cerebellum\semantic_decision\results\test01_SD_results.csv
2026-02-13 03:00:11 | INFO | ./src/core/main_window | Participant ID = test01 | Version = 1 | Mode = actual | Dominant Hand = right | Used Hand = right
2026-02-13 03:00:11 | INFO | ./src/core/saves | Results file created at C:\Users\sheep\Desktop\CognAc\cerebellum\semantic_decision\results\test01_SD_results.csv
2026-02-13 03:05:55 | INFO | ./src/core/main_window | Participant ID = test01 | Version = 1 | Mode = actual | Dominant Hand = right | Used Hand = right
2026-02-13 03:05:55 | INFO | ./src/core/saves | Results file created at C:\Users\sheep\Desktop\CognAc\cerebellum\semantic_decision\results\test01_SD_results.csv
2026-02-13 03:05:58 | INFO | ./src/core/main_window | Loaded 114 sentences
2026-02-13 03:07:27 | INFO | ./src/core/main_window | Participant ID = test01 | Version = 1 | Mode = actual | Dominant Hand = right | Used Hand = right
2026-02-13 03:07:27 | INFO | ./src/core/saves | Results file created at C:\Users\sheep\Desktop\CognAc\cerebellum\semantic_decision\results\test01_SD_results.csv
2026-02-13 03:07:29 | INFO | ./src/core/main_window | Loaded 114 sentences
2026-02-13 03:07:56 | INFO | ./src/core/main_window | Participant ID = test01 | Version = 1 | Mode = actual | Dominant Hand = right | Used Hand = right
2026-02-13 03:07:56 | INFO | ./src/core/saves | Results file created at C:\Users\sheep\Desktop\CognAc\cerebellum\semantic_decision\results\test01_SD_results.csv
2026-02-13 03:07:59 | INFO | ./src/core/main_window | Loaded 114 sentences
2026-02-13 03:08:05 | INFO | ./src/core/saves | Results file updated
2026-02-13 03:08:14 | INFO | ./src/core/saves | Results file updated
2026-02-13 03:08:23 | INFO | ./src/core/saves | Results file updated
2026-02-13 03:08:31 | INFO | ./src/core/saves | Results file updated
2026-02-13 03:08:39 | INFO | ./src/core/saves | Results file updated
2026-02-13 03:08:49 | INFO | ./src/core/saves | Results file updated
2026-02-13 03:08:57 | INFO | ./src/core/saves | Results file updated
2026-02-13 03:19:01 | INFO | ./src/core/main_window | Participant ID = test01 | Version = 1 | Mode = actual | Dominant Hand = right | Used Hand = right
2026-02-13 03:19:01 | INFO | ./src/core/saves | Results file created at C:\Users\sheep\Desktop\CognAc\cerebellum\semantic_decision\results\test01_SD_results.csv
2026-02-13 03:19:04 | INFO | ./src/core/main_window | Loaded 114 sentences
2026-02-13 03:19:11 | INFO | ./src/core/saves | Results file updated
2026-02-13 03:19:18 | INFO | ./src/core/saves | Results file updated
2026-02-13 03:19:26 | INFO | ./src/core/saves | Results file updated
2026-02-13 03:19:33 | INFO | ./src/core/saves | Results file updated
2026-02-13 03:19:41 | INFO | ./src/core/saves | Results file updated
2026-02-13 03:19:48 | INFO | ./src/core/saves | Results file updated
2026-02-13 03:19:59 | INFO | ./src/core/saves | Results file updated
2026-02-13 03:20:06 | INFO | ./src/core/saves | Results file updated
2026-02-13 03:20:14 | INFO | ./src/core/saves | Results file updated
2026-02-13 03:20:22 | INFO | ./src/core/saves | Results file updated
2026-02-13 03:20:26 | INFO | ./src/ui/pygame_render | [toggle_full_screen] Quitted fullscreen: 1600 x 900
2026-02-13 03:21:00 | INFO | ./src/core/main_window | Participant ID = joytest01 | Version = 1 | Mode = actual | Dominant Hand = right | Used Hand = right
2026-02-13 03:21:00 | INFO | ./src/core/saves | Results file created at C:\Users\sheep\Desktop\CognAc\cerebellum\semantic_decision\results\joytest01_SD_results.csv
2026-02-13 03:21:04 | INFO | ./src/core/main_window | Loaded 114 sentences
2026-02-13 03:21:11 | INFO | ./src/core/saves | Results file updated
2026-02-13 03:21:18 | INFO | ./src/core/saves | Results file updated
2026-02-13 03:21:26 | INFO | ./src/core/saves | Results file updated
2026-02-13 03:21:33 | INFO | ./src/core/saves | Results file updated
2026-02-13 03:21:41 | INFO | ./src/core/saves | Results file updated
2026-02-13 04:02:44 | INFO | ./src/core/main_window | Participant ID = realdemo02 | Version = 2 | Mode = actual | Dominant Hand = right | Used Hand = right
2026-02-13 04:04:11 | INFO | ./src/core/main_window | Participant ID = demotesting02 | Version = 2 | Mode = actual | Dominant Hand = right | Used Hand = right
2026-02-13 04:04:11 | INFO | ./src/core/saves | Results file created at C:\Users\sheep\Desktop\CognAc\cerebellum\semantic_decision\results\demotesting02_SD_results_2026_02_13.csv
2026-02-13 04:04:15 | INFO | ./src/core/main_window | Loaded 114 sentences
2026-02-13 04:05:07 | INFO | ./src/core/main_window | Participant ID = demoreal02 | Version = 2 | Mode = actual | Dominant Hand = right | Used Hand = right
2026-02-13 04:05:07 | INFO | ./src/core/saves | Results file created at C:\Users\sheep\Desktop\CognAc\cerebellum\semantic_decision\results\demoreal02_SD_results_2026_02_13.csv
2026-02-13 04:05:28 | INFO | ./src/core/main_window | Loaded 114 sentences
2026-02-13 04:05:34 | INFO | ./src/core/saves | Results file updated
2026-02-13 04:05:43 | INFO | ./src/core/saves | Results file updated
2026-02-13 04:05:51 | INFO | ./src/core/saves | Results file updated
2026-02-13 04:05:59 | INFO | ./src/core/saves | Results file updated
2026-02-13 04:06:06 | INFO | ./src/core/saves | Results file updated
2026-02-13 04:06:15 | INFO | ./src/core/saves | Results file updated
2026-02-13 04:06:22 | INFO | ./src/core/saves | Results file updated
2026-02-13 04:06:31 | INFO | ./src/core/saves | Results file updated
2026-02-13 04:06:39 | INFO | ./src/core/saves | Results file updated
2026-02-13 04:06:46 | INFO | ./src/core/saves | Results file updated
2026-02-13 04:06:54 | INFO | ./src/ui/pygame_render | [toggle_full_screen] Quitted fullscreen: 1600 x 900
2026-02-13 04:15:11 | INFO | ./src/core/main_window | Participant ID = demoreal02 | Version = 2 | Mode = actual | Dominant Hand = right | Used Hand = right
2026-02-13 04:15:11 | INFO | ./src/core/saves | Results file created at C:\Users\sheep\Desktop\CognAc\cerebellum\semantic_decision\results\demoreal02_v1_SD_results_2026_02_13.csv
2026-02-13 04:15:18 | INFO | ./src/core/main_window | Loaded 114 sentences
2026-02-13 04:15:23 | INFO | ./src/core/saves | Results file updated
2026-02-13 04:15:31 | INFO | ./src/core/saves | Results file updated
2026-02-13 04:15:39 | INFO | ./src/core/saves | Results file updated
2026-02-13 04:15:48 | INFO | ./src/ui/pygame_render | [toggle_full_screen] Quitted fullscreen: 1600 x 900
2026-02-13 04:15:50 | INFO | ./src/core/saves | Results file updated
2026-02-13 04:19:04 | INFO | ./src/core/main_window | Participant ID = demoreal02 | Version = 2 | Mode = actual | Dominant Hand = right | Used Hand = left
2026-02-13 04:19:04 | INFO | ./src/core/saves | Results file created at C:\Users\sheep\Desktop\CognAc\cerebellum\semantic_decision\results\demoreal02_v2_SD_results_2026_02_13.csv
2026-02-13 04:19:07 | INFO | ./src/core/main_window | Loaded 114 sentences
2026-02-13 04:19:12 | INFO | ./src/core/saves | Results file updated
2026-02-13 12:50:58 | INFO | ./src/core/main_window | Participant ID = mydemo01 | Version = 1 | Mode = None | Dominant Hand = right | Used Hand = right
2026-02-13 12:50:58 | INFO | ./src/core/saves | Results file created at C:\Users\sheep\Desktop\CognAc\cerebellum\semantic_decision\results\mydemo01_SD_results_2026_02_13.csv
2026-02-13 12:51:07 | INFO | ./src/core/main_window | Loaded 114 sentences
2026-02-13 12:51:13 | INFO | ./src/core/saves | Results file updated
2026-02-13 12:51:22 | INFO | ./src/core/saves | Results file updated
2026-02-13 12:51:29 | INFO | ./src/core/saves | Results file updated
2026-02-13 12:51:37 | INFO | ./src/core/saves | Results file updated
2026-02-13 13:04:01 | INFO | ./src/core/main_window | Participant ID = aDemo01 | Version = 1 | Mode = demo | Dominant Hand = right | Used Hand = right
2026-02-13 13:04:01 | INFO | ./src/core/saves | Results file created at C:\Users\sheep\Desktop\CognAc\cerebellum\semantic_decision\results\aDemo01_SD_results_2026_02_13.csv
2026-02-13 13:04:05 | INFO | ./src/core/main_window | Loaded 114 sentences
2026-02-13 13:04:10 | INFO | ./src/core/saves | Results file updated
2026-02-13 13:04:16 | INFO | ./src/core/saves | Results file updated
2026-02-13 13:04:22 | INFO | ./src/core/saves | Results file updated
2026-02-13 13:04:31 | INFO | ./src/core/saves | Results file updated
2026-02-13 13:04:37 | INFO | ./src/core/saves | Results file updated
2026-02-13 13:04:42 | INFO | ./src/core/saves | Results file updated
2026-02-13 13:04:47 | INFO | ./src/core/saves | Results file updated
2026-02-13 13:04:52 | INFO | ./src/core/saves | Results file updated
2026-02-13 13:05:04 | INFO | ./src/core/saves | Results file updated
2026-02-13 13:05:10 | INFO | ./src/core/saves | Results file updated
2026-02-13 13:05:17 | INFO | ./src/core/saves | Results file updated
2026-02-13 13:05:22 | INFO | ./src/core/saves | Results file updated
2026-02-13 13:05:28 | INFO | ./src/core/saves | Results file updated
2026-02-13 13:05:29 | INFO | ./src/core/main_window | Task completed successfully!
2026-02-13 13:05:29 | INFO | ./src/core/main_window | Total task duration: 1.65 minutes (99 seconds)
2026-02-13 13:06:40 | INFO | ./src/core/main_window | Participant ID = aDemo01 | Version = 1 | Mode = demo | Dominant Hand = right | Used Hand = right
2026-02-13 13:06:40 | INFO | ./src/core/saves | Results file created at C:\Users\sheep\Desktop\CognAc\cerebellum\semantic_decision\results\aDemo01_v2_SD_results_2026_02_13.csv
2026-02-13 13:06:44 | INFO | ./src/core/main_window | Loaded 114 sentences
2026-02-13 13:06:50 | INFO | ./src/core/saves | Results file updated
2026-02-13 13:06:57 | INFO | ./src/core/saves | Results file updated
2026-02-13 13:07:03 | INFO | ./src/core/saves | Results file updated
2026-02-13 13:07:07 | INFO | ./src/ui/pygame_render | [toggle_full_screen] Quitted fullscreen: 1600 x 900
2026-02-13 13:07:41 | INFO | ./src/core/main_window | Participant ID = demo02 | Version = 2 | Mode = demo | Dominant Hand = right | Used Hand = right
2026-02-13 13:07:42 | INFO | ./src/core/saves | Results file created at C:\Users\sheep\Desktop\CognAc\cerebellum\semantic_decision\results\demo02_SD_results_2026_02_13.csv
2026-02-13 13:07:53 | INFO | ./src/core/main_window | Loaded 114 sentences
2026-02-13 13:07:59 | INFO | ./src/core/saves | Results file updated
2026-02-13 13:08:06 | INFO | ./src/core/saves | Results file updated
2026-02-13 13:08:13 | INFO | ./src/core/saves | Results file updated
2026-02-13 13:08:16 | INFO | ./src/ui/pygame_render | [toggle_full_screen] Quitted fullscreen: 1600 x 900
2026-02-13 13:09:02 | INFO | ./src/core/main_window | Participant ID = keydemo01 | Version = 1 | Mode = demo | Dominant Hand = right | Used Hand = right
2026-02-13 13:09:02 | INFO | ./src/core/saves | Results file created at C:\Users\sheep\Desktop\CognAc\cerebellum\semantic_decision\results\keydemo01_SD_results_2026_02_13.csv
2026-02-13 13:09:06 | INFO | ./src/core/main_window | Loaded 114 sentences
2026-02-13 13:09:12 | INFO | ./src/core/saves | Results file updated
2026-02-13 13:09:18 | INFO | ./src/core/saves | Results file updated
2026-02-13 13:15:19 | INFO | ./src/core/main_window | Participant ID = aademo01 | Version = 1 | Mode = demo | Dominant Hand = right | Used Hand = right
2026-02-13 13:15:19 | INFO | ./src/core/saves | Results file created at C:\Users\sheep\Desktop\CognAc\cerebellum\semantic_decision\results\aademo01_SD_results_2026_02_13.csv
2026-02-13 13:15:21 | INFO | ./src/core/main_window | Loaded 114 sentences
2026-02-13 13:15:31 | INFO | ./src/core/saves | Results file updated
2026-02-13 13:15:41 | INFO | ./src/ui/pygame_render | [toggle_full_screen] Quitted fullscreen: 1600 x 900
2026-02-13 13:15:42 | INFO | ./src/core/saves | Results file updated
2026-02-13 13:15:48 | INFO | ./src/core/saves | Results file updated
2026-02-13 13:15:52 | INFO | ./src/core/saves | Results file updated
2026-02-13 13:15:59 | INFO | ./src/core/saves | Results file updated
2026-02-13 13:16:04 | INFO | ./src/core/saves | Results file updated
2026-02-13 13:16:10 | INFO | ./src/core/saves | Results file updated
2026-02-13 13:21:30 | INFO | ./src/core/main_window | Participant ID = demoooo01 | Version = 1 | Mode = demo | Dominant Hand = right | Used Hand = right
2026-02-13 13:21:30 | INFO | ./src/core/saves | Results file created at C:\Users\sheep\Desktop\CognAc\cerebellum\semantic_decision\results\demoooo01_SD_results_2026_02_13.csv
2026-02-13 13:21:38 | INFO | ./src/core/main_window | Loaded 114 sentences
2026-02-13 13:21:46 | INFO | ./src/core/saves | Results file updated
2026-02-13 13:21:55 | INFO | ./src/core/saves | Results file updated
2026-02-13 13:22:00 | INFO | ./src/core/saves | Results file updated
2026-02-13 13:22:04 | INFO | ./src/core/saves | Results file updated
2026-02-13 13:22:10 | INFO | ./src/core/saves | Results file updated
2026-02-13 13:22:15 | INFO | ./src/core/saves | Results file updated
2026-02-13 13:22:20 | INFO | ./src/core/saves | Results file updated
2026-02-13 13:22:30 | INFO | ./src/core/main_window | Task completed successfully!
2026-02-13 13:22:30 | INFO | ./src/core/main_window | Total task duration: 1.08 minutes (65 seconds)
2026-02-13 16:26:48 | INFO | ./src/core/main_window | Participant ID = demoreal01 | Version = 1 | Mode = demo | Dominant Hand = right | Used Hand = right
2026-02-13 16:26:48 | INFO | ./src/core/saves | Results file created at C:\Users\sheep\Desktop\CognAc\cerebellum\semantic_decision\results\demoreal01_SD_results_2026_02_13.csv
2026-02-13 16:26:55 | INFO | ./src/core/main_window | Loaded 114 sentences
2026-02-13 16:27:01 | INFO | ./src/core/saves | Results file updated
2026-02-13 16:27:11 | INFO | ./src/core/saves | Results file updated
2026-02-13 16:27:17 | INFO | ./src/core/saves | Results file updated
2026-02-13 16:27:23 | INFO | ./src/core/saves | Results file updated
2026-02-13 16:27:26 | INFO | ./src/ui/pygame_render | [toggle_full_screen] Quitted fullscreen: 1600 x 900
2026-02-13 16:30:32 | INFO | ./src/core/main_window | Participant ID = demo01 | Version = 1 | Mode = demo | Dominant Hand = right | Used Hand = right
2026-02-13 16:30:32 | INFO | ./src/core/saves | Results file created at C:\Users\sheep\Desktop\CognAc\cerebellum\semantic_decision\results\demo01_SD_results_2026_02_13.csv
2026-02-13 16:30:37 | INFO | ./src/core/main_window | Loaded 114 sentences
2026-02-13 16:30:42 | INFO | ./src/core/saves | Results file updated
2026-02-13 16:30:51 | INFO | ./src/core/saves | Results file updated
2026-02-13 16:30:57 | INFO | ./src/core/saves | Results file updated
2026-02-13 16:31:02 | INFO | ./src/core/saves | Results file updated
2026-02-13 16:31:06 | INFO | ./src/ui/pygame_render | [toggle_full_screen] Quitted fullscreen: 1600 x 900
2026-02-13 16:34:02 | INFO | ./src/core/main_window | Participant ID = demo01 | Version = 1 | Mode = demo | Dominant Hand = right | Used Hand = right
2026-02-13 16:34:02 | INFO | ./src/core/saves | Results file created at C:\Users\sheep\Desktop\CognAc\cerebellum\semantic_decision\results\demo01_v2_SD_results_2026_02_13.csv
2026-02-13 16:34:09 | INFO | ./src/core/main_window | Loaded 114 sentences
2026-02-13 16:34:14 | INFO | ./src/core/saves | Results file updated
2026-02-13 16:34:23 | INFO | ./src/core/saves | Results file updated
2026-02-13 16:34:28 | INFO | ./src/core/saves | Results file updated
2026-02-13 16:34:35 | INFO | ./src/core/saves | Results file updated
2026-02-13 16:34:38 | INFO | ./src/ui/pygame_render | [toggle_full_screen] Quitted fullscreen: 1600 x 900
2026-02-13 16:36:30 | INFO | ./src/core/main_window | Participant ID = demo01 | Version = 1 | Mode = demo | Dominant Hand = right | Used Hand = right
2026-02-13 16:36:30 | INFO | ./src/core/saves | Results file created at C:\Users\sheep\Desktop\CognAc\cerebellum\semantic_decision\results\demo01_v3_SD_results_2026_02_13.csv
2026-02-13 16:36:33 | INFO | ./src/core/main_window | Loaded 114 sentences
2026-02-13 16:36:38 | INFO | ./src/core/saves | Results file updated
2026-02-13 16:36:45 | INFO | ./src/core/saves | Results file updated
2026-02-13 16:36:50 | INFO | ./src/core/saves | Results file updated
2026-02-13 16:36:56 | INFO | ./src/core/saves | Results file updated
2026-02-13 16:36:59 | INFO | ./src/ui/pygame_render | [toggle_full_screen] Quitted fullscreen: 1600 x 900
